Nome do Produto,Status,ID do produto,Tipos de Anuncios,localizacao-palavra-chave-dropdown,Data de Inicio,Data de Encerramento,Impressao,Cliques,CTR,Conversoes,Conversoes Diretas,Taxa de Conversao,Taxa de Conversao Direta,Custo por Conversao,Custo por Conversao Direta,Itens Vendidos,Itens Vendidos Diretos,VBM,Receita direta,Despesas,ROAS,ROAS Direto,ACOS,ACOS Direto,Impressoes do Produto,Cliques de Produtos,CTR do Produto,Impressao por venda efetiva
Termogênico  TERMOMAX Borer Caps 60 cápsulas 590mg - Suplemento Alimetar,Em andamento,12682583867,Anúncios Descoberta,Você também pode gostar,09/10/2022 00:00,Ilimitado,34576,411,1.19%,23,19,5.60%,4.62%,2.38,2.88,25,21,930.95,729.95,54.80,16.99,13.32,5.89%,7.51%,N/A,N/A,N/A,1383
Termogênico Thermo Max 60 caps. - Borer Caps,Pausado,14164354668,Anúncios Descoberta,Descobertas do dia,16/06/2023 00:00,Ilimitado,22039,223,1.01%,2,1,0.90%,0.45%,12.08,24.16,2,1,71.09,35.97,24.16,2.94,1.49,33.99%,67.17%,N/A,N/A,N/A,11020
Termogênico Thermo Max 60 caps. - Borer Caps,Pausado,14164354668,Anúncios Descoberta,Você também pode gostar,16/06/2023 00:00,Ilimitado,10405,134,1.29%,5,4,3.73%,2.99%,2.95,3.69,6,4,241.54,171.74,14.74,16.39,11.65,6.10%,8.58%,N/A,N/A,N/A,1734
PRÉ TREINO THERMOMAX ACTIVE FAT BURNER C/ THERMO PHASE BORERCAPS 1.000mg/dose,Em andamento,16326971181,Anúncio de Busca de Produtos,termo max,08/10/2022 00:00,Ilimitado,2368,74,3.12%,10,9,13.51%,12.16%,0.93,01.04,10,9,404.32,314.37,9.35,43.24,33.62,2.31%,2.97%,N/A,N/A,N/A,237
PRÉ TREINO THERMOMAX ACTIVE FAT BURNER C/ THERMO PHASE BORERCAPS 1.000mg/dose,Em andamento,16326971181,Anúncio de Busca de Produtos,termogenico emagrecedor,08/10/2022 00:00,Ilimitado,6383,153,2.40%,14,13,9.15%,8.50%,1.44,1.55,14,13,479.01,454.11,20.11,23.82,22.58,4.20%,4.43%,N/A,N/A,N/A,456
PRÉ TREINO THERMOMAX ACTIVE FAT BURNER C/ THERMO PHASE BORERCAPS 1.000mg/dose,Em andamento,16326971181,Anúncio de Busca de Produtos,termogênico natural,08/10/2022 00:00,Ilimitado,7791,206,2.64%,12,10,5.83%,4.85%,2.26,2.71,13,11,453.90,384.25,27.11,16.74,14.17,5.97%,7.06%,N/A,N/A,N/A,599
PRÉ TREINO THERMOMAX ACTIVE FAT BURNER C/ THERMO PHASE BORERCAPS 1.000mg/dose,Em andamento,16326971181,Anúncio de Busca de Produtos,termomax,08/10/2022 00:00,Ilimitado,3069,83,2.70%,7,6,8.43%,7.23%,1.56,1.82,7,6,259.48,209.58,10.94,23.72,19.16,4.22%,5.22%,N/A,N/A,N/A,438
PRÉ TREINO THERMOMAX ACTIVE FAT BURNER C/ THERMO PHASE BORERCAPS 1.000mg/dose,Em andamento,16326971181,Anúncio de Busca de Produtos,thermo max,08/10/2022 00:00,Ilimitado,4857,120,2.47%,11,10,9.17%,8.33%,1.33,1.47,11,10,388.30,349.30,14.68,26.45,23.79,3.78%,4.20%,N/A,N/A,N/A,442
PRÉ TREINO THERMOMAX ACTIVE FAT BURNER C/ THERMO PHASE BORERCAPS 1.000mg/dose,Em andamento,16326971181,Anúncio de Busca de Produtos,thermomax,08/10/2022 00:00,Ilimitado,992,20,2.02%,1,1,5.00%,5.00%,2.38,2.38,1,1,34.93,34.93,2.38,14.68,14.68,6.81%,6.81%,N/A,N/A,N/A,992
Podoneem 5 Em 1 Tratamento Para Unhas Com Fungos E Micose,Em andamento,20298501282,Anúncio de Busca de Produtos,espicula,12/05/2023 00:00,Ilimitado,86,1,1.16%,0,0,0.00%,0.00%,0.00,0.00,0,0,0.00,0.00,0.13,0.0,0.0,0.00%,0.00%,N/A,N/A,N/A,0
Podoneem 5 Em 1 Tratamento Para Unhas Com Fungos E Micose,Em andamento,20298501282,Anúncio de Busca de Produtos,cuidados unhas,12/05/2023 00:00,Ilimitado,2865,78,2.72%,2,2,2.56%,2.56%,4.63,4.63,2,2,111.86,111.86,9.25,12.09,12.09,8.27%,8.27%,N/A,N/A,N/A,1433
Podoneem 5 Em 1 Tratamento Para Unhas Com Fungos E Micose,Em andamento,20298501282,Anúncio de Busca de Produtos,pés,12/05/2023 00:00,Ilimitado,463,8,1.73%,0,0,0.00%,0.00%,0.00,0.00,0,0,0.00,0.00,0.91,0.0,0.0,0.00%,0.00%,N/A,N/A,N/A,0
Podoneem 5 Em 1 Tratamento Para Unhas Com Fungos E Micose,Em andamento,20298501282,Anúncio de Busca de Produtos,micose no pé,12/05/2023 00:00,Ilimitado,832,9,1.08%,0,0,0.00%,0.00%,0.00,0.00,0,0,0.00,0.00,1.12,0.0,0.0,0.00%,0.00%,N/A,N/A,N/A,0
Podoneem 5 Em 1 Tratamento Para Unhas Com Fungos E Micose,Em andamento,20298501282,Anúncio de Busca de Produtos,terbinafino,12/05/2023 00:00,Ilimitado,112,4,3.57%,2,2,50.00%,50.00%,0.27,0.27,2,2,111.86,111.86,0.54,207.15,207.15,0.48%,0.48%,N/A,N/A,N/A,56
Podoneem 5 Em 1 Tratamento Para Unhas Com Fungos E Micose,Em andamento,20298501282,Anúncio de Busca de Produtos,podoneem micose,12/05/2023 00:00,Ilimitado,1,0,0.00%,0,0,0.00%,0.00%,0.00,0.00,0,0,0.00,0.00,0.00,0.0,0.0,0.00%,0.00%,N/A,N/A,N/A,0
Podoneem 5 Em 1 Tratamento Para Unhas Com Fungos E Micose,Em andamento,20298501282,Anúncio de Busca de Produtos,fungos nas unhas,12/05/2023 00:00,Ilimitado,1607,26,1.62%,0,0,0.00%,0.00%,0.00,0.00,0,0,0.00,0.00,3.42,0.0,0.0,0.00%,0.00%,N/A,N/A,N/A,0
Podoneem 5 Em 1 Tratamento Para Unhas Com Fungos E Micose,Em andamento,20298501282,Anúncio de Busca de Produtos,podoneem 5 em 1,12/05/2023 00:00,Ilimitado,296,55,18.58%,14,14,25.45%,25.45%,0.45,0.45,18,18,1006.74,1006.74,6.25,161.08,161.08,0.62%,0.62%,N/A,N/A,N/A,16
Podoneem 5 Em 1 Tratamento Para Unhas Com Fungos E Micose,Em andamento,20298501282,Anúncio de Busca de Produtos,fungipro podopratica,12/05/2023 00:00,Ilimitado,217,21,9.68%,1,1,4.76%,4.76%,2.34,2.34,1,1,55.93,55.93,2.34,23.9,23.9,4.18%,4.18%,N/A,N/A,N/A,217
Podoneem 5 Em 1 Tratamento Para Unhas Com Fungos E Micose,Em andamento,20298501282,Anúncio de Busca de Produtos,podoneem,12/05/2023 00:00,Ilimitado,461,54,11.71%,9,9,16.67%,16.67%,0.70,0.70,11,11,615.23,615.23,6.32,97.35,97.35,1.03%,1.03%,N/A,N/A,N/A,42
Podoneem 5 Em 1 Tratamento Para Unhas Com Fungos E Micose,Em andamento,20298501282,Anúncio de Busca de Produtos,cuidados com as unhas,12/05/2023 00:00,Ilimitado,2072,50,2.41%,1,1,2.00%,2.00%,5.90,5.90,1,1,55.93,55.93,5.90,9.48,9.48,10.55%,10.55%,N/A,N/A,N/A,2072
Podoneem 5 Em 1 Tratamento Para Unhas Com Fungos E Micose,Em andamento,20298501282,Anúncio de Busca de Produtos,fortalecedor de unhas,12/05/2023 00:00,Ilimitado,251,3,1.20%,0,0,0.00%,0.00%,0.00,0.00,0,0,0.00,0.00,0.38,0.0,0.0,0.00%,0.00%,N/A,N/A,N/A,0
Podoneem 5 Em 1 Tratamento Para Unhas Com Fungos E Micose,Em andamento,20298501282,Anúncio de Busca de Produtos,verruga plantar,12/05/2023 00:00,Ilimitado,22,1,4.55%,0,0,0.00%,0.00%,0.00,0.00,0,0,0.00,0.00,0.12,0.0,0.0,0.00%,0.00%,N/A,N/A,N/A,0
Podoneem 5 Em 1 Tratamento Para Unhas Com Fungos E Micose,Em andamento,20298501282,Anúncio de Busca de Produtos,anti micose unha,12/05/2023 00:00,Ilimitado,2560,35,1.37%,0,0,0.00%,0.00%,0.00,0.00,0,0,0.00,0.00,4.17,0.0,0.0,0.00%,0.00%,N/A,N/A,N/A,0
Podoneem 5 Em 1 Tratamento Para Unhas Com Fungos E Micose,Em andamento,20298501282,Anúncio de Busca de Produtos,anestésico para unha encravada,12/05/2023 00:00,Ilimitado,1672,41,2.45%,4,4,9.76%,9.76%,1.31,1.31,4,4,223.72,223.72,5.24,42.69,42.69,2.34%,2.34%,N/A,N/A,N/A,418
Podoneem 5 Em 1 Tratamento Para Unhas Com Fungos E Micose,Em andamento,20298501282,Anúncio de Busca de Produtos,cuidado com as unhas,12/05/2023 00:00,Ilimitado,431,10,2.32%,0,0,0.00%,0.00%,0.00,0.00,0,0,0.00,0.00,1.18,0.0,0.0,0.00%,0.00%,N/A,N/A,N/A,0
Podoneem 5 Em 1 Tratamento Para Unhas Com Fungos E Micose,Em andamento,20298501282,Anúncio de Busca de Produtos,granuloma,12/05/2023 00:00,Ilimitado,116,0,0.00%,0,0,0.00%,0.00%,0.00,0.00,0,0,0.00,0.00,0.00,0.0,0.0,0.00%,0.00%,N/A,N/A,N/A,0
Podoneem 5 Em 1 Tratamento Para Unhas Com Fungos E Micose,Em andamento,20298501282,Anúncio de Busca de Produtos,terbinafina +fluconazol,12/05/2023 00:00,Ilimitado,102,1,0.98%,0,0,0.00%,0.00%,0.00,0.00,0,0,0.00,0.00,0.11,0.0,0.0,0.00%,0.00%,N/A,N/A,N/A,0
Podoneem 5 Em 1 Tratamento Para Unhas Com Fungos E Micose,Em andamento,20298501282,Anúncio de Busca de Produtos,onico plus,12/05/2023 00:00,Ilimitado,16,2,12.50%,0,0,0.00%,0.00%,0.00,0.00,0,0,0.00,0.00,0.24,0.0,0.0,0.00%,0.00%,N/A,N/A,N/A,0
Podoneem 5 Em 1 Tratamento Para Unhas Com Fungos E Micose,Em andamento,20298501282,Anúncio de Busca de Produtos,fluconazol com terbinafina esmalte antimicótico 5ml,12/05/2023 00:00,Ilimitado,1611,24,1.49%,1,1,4.17%,4.17%,2.95,2.95,1,1,55.93,55.93,2.95,18.96,18.96,5.27%,5.27%,N/A,N/A,N/A,1611
Podoneem 5 Em 1 Tratamento Para Unhas Com Fungos E Micose,Em andamento,20298501282,Anúncio de Busca de Produtos,anti micose de unhas,12/05/2023 00:00,Ilimitado,3668,68,1.85%,4,4,5.88%,5.88%,2.12,2.12,4,4,223.72,223.72,8.47,26.41,26.41,3.79%,3.79%,N/A,N/A,N/A,917
Podoneem 5 Em 1 Tratamento Para Unhas Com Fungos E Micose,Em andamento,20298501282,Anúncio de Busca de Produtos,fungifeet,12/05/2023 00:00,Ilimitado,102,0,0.00%,0,0,0.00%,0.00%,0.00,0.00,0,0,0.00,0.00,0.00,0.0,0.0,0.00%,0.00%,N/A,N/A,N/A,0
Podoneem 5 Em 1 Tratamento Para Unhas Com Fungos E Micose,Em andamento,20298501282,Anúncio de Busca de Produtos,virucida,12/05/2023 00:00,Ilimitado,111,5,4.50%,0,0,0.00%,0.00%,0.00,0.00,0,0,0.00,0.00,0.55,0.0,0.0,0.00%,0.00%,N/A,N/A,N/A,0
Podoneem 5 Em 1 Tratamento Para Unhas Com Fungos E Micose,Em andamento,20298501282,Anúncio de Busca de Produtos,fungipro unha,12/05/2023 00:00,Ilimitado,1121,25,2.23%,0,0,0.00%,0.00%,0.00,0.00,0,0,0.00,0.00,2.99,0.0,0.0,0.00%,0.00%,N/A,N/A,N/A,0
Podoneem 5 Em 1 Tratamento Para Unhas Com Fungos E Micose,Em andamento,20298501282,Anúncio de Busca de Produtos,terbinafina micose de unhas,12/05/2023 00:00,Ilimitado,1521,21,1.38%,2,2,9.52%,9.52%,1.29,1.29,2,2,111.86,111.86,2.58,43.36,43.36,2.31%,2.31%,N/A,N/A,N/A,761
Podoneem 5 Em 1 Tratamento Para Unhas Com Fungos E Micose,Em andamento,20298501282,Anúncio de Busca de Produtos,podoneem oregon,12/05/2023 00:00,Ilimitado,318,46,14.47%,9,9,19.57%,19.57%,0.57,0.57,10,10,559.30,559.30,5.16,108.39,108.39,0.92%,0.92%,N/A,N/A,N/A,32
Podoneem 5 Em 1 Tratamento Para Unhas Com Fungos E Micose,Em andamento,20298501282,Anúncio de Busca de Produtos,lakesia pro,12/05/2023 00:00,Ilimitado,503,7,1.39%,0,0,0.00%,0.00%,0.00,0.00,0,0,0.00,0.00,0.81,0.0,0.0,0.00%,0.00%,N/A,N/A,N/A,0
Podoneem 5 Em 1 Tratamento Para Unhas Com Fungos E Micose,Em andamento,20298501282,Anúncio de Busca de Produtos,podoneem creme,12/05/2023 00:00,Ilimitado,81,8,9.88%,4,4,50.00%,50.00%,0.23,0.23,5,5,279.65,279.65,0.90,310.72,310.72,0.32%,0.32%,N/A,N/A,N/A,16
Podoneem 5 Em 1 Tratamento Para Unhas Com Fungos E Micose,Em andamento,20298501282,Anúncio de Busca de Produtos,psoriase tratamento,12/05/2023 00:00,Ilimitado,471,28,5.94%,9,8,32.14%,28.57%,0.37,0.42,9,8,502.67,447.44,3.36,149.6,133.17,0.67%,0.75%,N/A,N/A,N/A,52
Podoneem 5 Em 1 Tratamento Para Unhas Com Fungos E Micose,Em andamento,20298501282,Anúncio de Busca de Produtos,onico blend 10ml,12/05/2023 00:00,Ilimitado,18,0,0.00%,0,0,0.00%,0.00%,0.00,0.00,0,0,0.00,0.00,0.00,0.0,0.0,0.00%,0.00%,N/A,N/A,N/A,0
Podoneem 5 Em 1 Tratamento Para Unhas Com Fungos E Micose,Em andamento,20298501282,Anúncio de Busca de Produtos,podologia anestésico,12/05/2023 00:00,Ilimitado,672,41,6.10%,6,6,14.63%,14.63%,0.83,0.83,6,6,335.58,335.58,4.95,67.79,67.79,1.48%,1.48%,N/A,N/A,N/A,112
Podoneem 5 Em 1 Tratamento Para Unhas Com Fungos E Micose,Em andamento,20298501282,Anúncio de Busca de Produtos,terbinafina com fluconazol,12/05/2023 00:00,Ilimitado,45,1,2.22%,0,0,0.00%,0.00%,0.00,0.00,0,0,0.00,0.00,0.11,0.0,0.0,0.00%,0.00%,N/A,N/A,N/A,0
Termogênico THERMO MAX 60caps - 590mg BORECAPS,Em andamento,19097516007,Anúncio de Busca de Produtos,termogenico emagrecedor,19/11/2023 00:00,Ilimitado,6104,116,1.90%,8,6,6.90%,5.17%,1.76,2.34,9,7,314.16,244.30,14.05,22.36,17.39,4.47%,5.75%,N/A,N/A,N/A,678
Termogênico THERMO MAX 60caps - 590mg BORECAPS,Em andamento,19097516007,Anúncio de Busca de Produtos,l carnitina capsulas,19/11/2023 00:00,Ilimitado,612,3,0.49%,0,0,0.00%,0.00%,0.00,0.00,0,0,0.00,0.00,0.36,0.0,0.0,0.00%,0.00%,N/A,N/A,N/A,0
Termogênico THERMO MAX 60caps - 590mg BORECAPS,Em andamento,19097516007,Anúncio de Busca de Produtos,pre treino,19/11/2023 00:00,Ilimitado,1135,22,1.94%,1,1,4.55%,4.55%,2.68,2.68,1,1,34.90,34.90,2.68,13.02,13.02,7.68%,7.68%,N/A,N/A,N/A,1135
Termogênico THERMO MAX 60caps - 590mg BORECAPS,Em andamento,19097516007,Anúncio de Busca de Produtos,thermogenico,19/11/2023 00:00,Ilimitado,2689,76,2.83%,9,5,11.84%,6.58%,01.06,1.91,9,5,403.30,174.50,9.55,42.23,18.27,2.37%,5.47%,N/A,N/A,N/A,299
Termogênico THERMO MAX 60caps - 590mg BORECAPS,Em andamento,19097516007,Anúncio de Busca de Produtos,pré treino,19/11/2023 00:00,Ilimitado,252,2,0.79%,1,1,50.00%,50.00%,0.25,0.25,1,1,34.90,34.90,0.25,139.6,139.6,0.72%,0.72%,N/A,N/A,N/A,252
Termogênico THERMO MAX 60caps - 590mg BORECAPS,Em andamento,19097516007,Anúncio de Busca de Produtos,carnitina,19/11/2023 00:00,Ilimitado,176,2,1.14%,0,0,0.00%,0.00%,0.00,0.00,0,0,0.00,0.00,0.23,0.0,0.0,0.00%,0.00%,N/A,N/A,N/A,0
Termogênico THERMO MAX 60caps - 590mg BORECAPS,Em andamento,19097516007,Anúncio de Busca de Produtos,termogênico,19/11/2023 00:00,Ilimitado,2652,53,2.00%,2,2,3.77%,3.77%,3.20,3.20,2,2,69.80,69.80,6.40,10.91,10.91,9.17%,9.17%,N/A,N/A,N/A,1326
Termogênico THERMO MAX 60caps - 590mg BORECAPS,Em andamento,19097516007,Anúncio de Busca de Produtos,cafeína 200mg,19/11/2023 00:00,Ilimitado,1631,29,1.78%,1,1,3.45%,3.45%,3.48,3.48,1,1,34.90,34.90,3.48,10.03,10.03,9.97%,9.97%,N/A,N/A,N/A,1631
Termogênico THERMO MAX 60caps - 590mg BORECAPS,Em andamento,19097516007,Anúncio de Busca de Produtos,termogenico,19/11/2023 00:00,Ilimitado,1905,43,2.26%,2,2,4.65%,4.65%,2.60,2.60,3,3,104.70,104.70,5.20,20.13,20.13,4.97%,4.97%,N/A,N/A,N/A,635
Suplemento Em Cápsulas Ultra Termogênico Thermo Phases Black -  1.200mg/dose 60cáps BorerCaps,Pausado,21222940131,Anúncio de Busca de Produtos,termogênico growth,12/08/2022 00:00,Ilimitado,189,4,2.12%,0,0,0.00%,0.00%,0.00,0.00,0,0,0.00,0.00,0.49,0.0,0.0,0.00%,0.00%,N/A,N/A,N/A,0
Suplemento Em Cápsulas Ultra Termogênico Thermo Phases Black -  1.200mg/dose 60cáps BorerCaps,Pausado,21222940131,Anúncio de Busca de Produtos,termogênico integralmedica,12/08/2022 00:00,Ilimitado,610,18,2.95%,1,1,5.56%,5.56%,2.14,2.14,1,1,39.00,39.00,2.14,18.22,18.22,5.49%,5.49%,N/A,N/A,N/A,610
Suplemento Em Cápsulas Ultra Termogênico Thermo Phases Black -  1.200mg/dose 60cáps BorerCaps,Pausado,21222940131,Anúncio de Busca de Produtos,termogenico emagrecedor,12/08/2022 00:00,Ilimitado,667,16,2.40%,2,2,12.50%,12.50%,0.98,0.98,2,2,78.00,78.00,1.96,39.8,39.8,2.51%,2.51%,N/A,N/A,N/A,334
Suplemento Em Cápsulas Ultra Termogênico Thermo Phases Black -  1.200mg/dose 60cáps BorerCaps,Pausado,21222940131,Anúncio de Busca de Produtos,termogênico black,12/08/2022 00:00,Ilimitado,353,7,1.98%,0,0,0.00%,0.00%,0.00,0.00,0,0,0.00,0.00,0.85,0.0,0.0,0.00%,0.00%,N/A,N/A,N/A,0
Suplemento Em Cápsulas Ultra Termogênico Thermo Phases Black -  1.200mg/dose 60cáps BorerCaps,Pausado,21222940131,Anúncio de Busca de Produtos,hot termogenico,12/08/2022 00:00,Ilimitado,108,2,1.85%,0,0,0.00%,0.00%,0.00,0.00,0,0,0.00,0.00,0.22,0.0,0.0,0.00%,0.00%,N/A,N/A,N/A,0
Suplemento Em Cápsulas Ultra Termogênico Thermo Phases Black -  1.200mg/dose 60cáps BorerCaps,Pausado,21222940131,Anúncio de Busca de Produtos,termogênico feminino,12/08/2022 00:00,Ilimitado,214,9,4.21%,0,0,0.00%,0.00%,0.00,0.00,0,0,0.00,0.00,01.05,0.0,0.0,0.00%,0.00%,N/A,N/A,N/A,0
Suplemento Em Cápsulas Ultra Termogênico Thermo Phases Black -  1.200mg/dose 60cáps BorerCaps,Pausado,21222940131,Anúncio de Busca de Produtos,termogenico max,12/08/2022 00:00,Ilimitado,219,5,2.28%,0,0,0.00%,0.00%,0.00,0.00,0,0,0.00,0.00,0.59,0.0,0.0,0.00%,0.00%,N/A,N/A,N/A,0
Suplemento Em Cápsulas Ultra Termogênico Thermo Phases Black -  1.200mg/dose 60cáps BorerCaps,Pausado,21222940131,Anúncio de Busca de Produtos,lipo 6 black importado,12/08/2022 00:00,Ilimitado,161,4,2.48%,0,0,0.00%,0.00%,0.00,0.00,0,0,0.00,0.00,0.51,0.0,0.0,0.00%,0.00%,N/A,N/A,N/A,0
Suplemento Em Cápsulas Ultra Termogênico Thermo Phases Black -  1.200mg/dose 60cáps BorerCaps,Pausado,21222940131,Anúncio de Busca de Produtos,suplementos termogênico,12/08/2022 00:00,Ilimitado,1072,26,2.43%,1,1,3.85%,3.85%,03.05,03.05,1,1,39.00,39.00,03.05,12.79,12.79,7.82%,7.82%,N/A,N/A,N/A,1072
Suplemento Em Cápsulas Ultra Termogênico Thermo Phases Black -  1.200mg/dose 60cáps BorerCaps,Pausado,21222940131,Anúncio de Busca de Produtos,termogênico natural,12/08/2022 00:00,Ilimitado,60,2,3.33%,0,0,0.00%,0.00%,0.00,0.00,0,0,0.00,0.00,0.22,0.0,0.0,0.00%,0.00%,N/A,N/A,N/A,0
Suplemento Em Cápsulas Ultra Termogênico Thermo Phases Black -  1.200mg/dose 60cáps BorerCaps,Pausado,21222940131,Anúncio de Busca de Produtos,thermo,12/08/2022 00:00,Ilimitado,68,1,1.47%,0,0,0.00%,0.00%,0.00,0.00,0,0,0.00,0.00,0.13,0.0,0.0,0.00%,0.00%,N/A,N/A,N/A,0
Suplemento Em Cápsulas Ultra Termogênico Thermo Phases Black -  1.200mg/dose 60cáps BorerCaps,Pausado,21222940131,Anúncio de Busca de Produtos,termogênico sem cafeína,12/08/2022 00:00,Ilimitado,162,7,4.32%,1,1,14.29%,14.29%,0.83,0.83,1,1,39.00,39.00,0.83,46.99,46.99,2.13%,2.13%,N/A,N/A,N/A,162
Suplemento Em Cápsulas Ultra Termogênico Thermo Phases Black -  1.200mg/dose 60cáps BorerCaps,Pausado,21222940131,Anúncio de Busca de Produtos,lipo 6 black intense,12/08/2022 00:00,Ilimitado,975,12,1.23%,1,1,8.33%,8.33%,1.47,1.47,1,1,39.00,39.00,1.47,26.53,26.53,3.77%,3.77%,N/A,N/A,N/A,975
Suplemento Em Cápsulas Ultra Termogênico Thermo Phases Black -  1.200mg/dose 60cáps BorerCaps,Pausado,21222940131,Anúncio de Busca de Produtos,termogênico,12/08/2022 00:00,Ilimitado,355,9,2.54%,0,0,0.00%,0.00%,0.00,0.00,0,0,0.00,0.00,1.10,0.0,0.0,0.00%,0.00%,N/A,N/A,N/A,0
Suplemento Em Cápsulas Ultra Termogênico Thermo Phases Black -  1.200mg/dose 60cáps BorerCaps,Pausado,21222940131,Anúncio de Busca de Produtos,termogênico black skull,12/08/2022 00:00,Ilimitado,249,6,2.41%,0,0,0.00%,0.00%,0.00,0.00,0,0,0.00,0.00,0.74,0.0,0.0,0.00%,0.00%,N/A,N/A,N/A,0
Suplemento Em Cápsulas Ultra Termogênico Thermo Phases Black -  1.200mg/dose 60cáps BorerCaps,Pausado,21222940131,Anúncio de Busca de Produtos,hot termogênico,12/08/2022 00:00,Ilimitado,385,3,0.78%,0,0,0.00%,0.00%,0.00,0.00,0,0,0.00,0.00,0.35,0.0,0.0,0.00%,0.00%,N/A,N/A,N/A,0
Suplemento Em Cápsulas Ultra Termogênico Thermo Phases Black -  1.200mg/dose 60cáps BorerCaps,Pausado,21222940131,Anúncio de Busca de Produtos,termogenico max titanium,12/08/2022 00:00,Ilimitado,181,6,3.31%,0,0,0.00%,0.00%,0.00,0.00,0,0,0.00,0.00,0.66,0.0,0.0,0.00%,0.00%,N/A,N/A,N/A,0
Suplemento Em Cápsulas Ultra Termogênico Thermo Phases Black -  1.200mg/dose 60cáps BorerCaps,Pausado,21222940131,Anúncio de Busca de Produtos,termogenico growth,12/08/2022 00:00,Ilimitado,119,3,2.52%,1,1,33.33%,33.33%,0.36,0.36,1,1,39.00,39.00,0.36,108.33,108.33,0.92%,0.92%,N/A,N/A,N/A,119
Suplemento Em Cápsulas Ultra Termogênico Thermo Phases Black -  1.200mg/dose 60cáps BorerCaps,Pausado,21222940131,Anúncio de Busca de Produtos,termogenico,12/08/2022 00:00,Ilimitado,416,10,2.40%,0,0,0.00%,0.00%,0.00,0.00,0,0,0.00,0.00,1.15,0.0,0.0,0.00%,0.00%,N/A,N/A,N/A,0
Suplemento Em Cápsulas Ultra Termogênico Thermo Phases Black -  1.200mg/dose 60cáps BorerCaps,Pausado,21222940131,Anúncio de Busca de Produtos,black,12/08/2022 00:00,Ilimitado,1546,21,1.36%,0,0,0.00%,0.00%,0.00,0.00,0,0,0.00,0.00,2.42,0.0,0.0,0.00%,0.00%,N/A,N/A,N/A,0
Suplemento Em Cápsulas Ultra Termogênico Thermo Phases Black -  1.200mg/dose 60cáps BorerCaps,Pausado,21222940131,Anúncio de Busca de Produtos,thermogenico,12/08/2022 00:00,Ilimitado,177,10,5.65%,0,0,0.00%,0.00%,0.00,0.00,0,0,0.00,0.00,1.22,0.0,0.0,0.00%,0.00%,N/A,N/A,N/A,0
Suplemento Em Cápsulas Ultra Termogênico Thermo Phases Black -  1.200mg/dose 60cáps BorerCaps,Pausado,21222940131,Anúncio de Busca de Produtos,café termogênico,12/08/2022 00:00,Ilimitado,178,7,3.93%,0,0,0.00%,0.00%,0.00,0.00,0,0,0.00,0.00,0.83,0.0,0.0,0.00%,0.00%,N/A,N/A,N/A,0
Suplemento Em Cápsulas Ultra Termogênico Thermo Phases Black -  1.200mg/dose 60cáps BorerCaps,Pausado,21222940131,Anúncio de Busca de Produtos,lipo 6 black,12/08/2022 00:00,Ilimitado,359,6,1.67%,1,1,16.67%,16.67%,0.73,0.73,1,1,39.00,39.00,0.73,53.42,53.42,1.87%,1.87%,N/A,N/A,N/A,359
Suplemento Em Cápsulas Ultra Termogênico Thermo Phases Black -  1.200mg/dose 60cáps BorerCaps,Pausado,21222940131,Anúncio de Busca de Produtos,termogênico perda de peso,12/08/2022 00:00,Ilimitado,422,7,1.66%,0,0,0.00%,0.00%,0.00,0.00,0,0,0.00,0.00,0.83,0.0,0.0,0.00%,0.00%,N/A,N/A,N/A,0
Suplemento Em Cápsulas Ultra Termogênico Thermo Phases Black -  1.200mg/dose 60cáps BorerCaps,Pausado,21222940131,Anúncio de Busca de Produtos,black mamba termogênico,12/08/2022 00:00,Ilimitado,350,4,1.14%,0,0,0.00%,0.00%,0.00,0.00,0,0,0.00,0.00,0.48,0.0,0.0,0.00%,0.00%,N/A,N/A,N/A,0
Suplemento Em Cápsulas Ultra Termogênico Thermo Phases Black -  1.200mg/dose 60cáps BorerCaps,Pausado,21222940131,Anúncio de Busca de Produtos,kimera termogênico,12/08/2022 00:00,Ilimitado,448,6,1.34%,0,0,0.00%,0.00%,0.00,0.00,0,0,0.00,0.00,0.72,0.0,0.0,0.00%,0.00%,N/A,N/A,N/A,0
Suplemento Em Cápsulas Ultra Termogênico Thermo Phases Black -  1.200mg/dose 60cáps BorerCaps,Pausado,21222940131,Anúncio de Busca de Produtos,termogenico probiotica,12/08/2022 00:00,Ilimitado,131,4,3.05%,0,0,0.00%,0.00%,0.00,0.00,0,0,0.00,0.00,0.48,0.0,0.0,0.00%,0.00%,N/A,N/A,N/A,0
Suplemento Em Cápsulas Ultra Termogênico Thermo Phases Black -  1.200mg/dose 60cáps BorerCaps,Pausado,21222940131,Anúncio de Busca de Produtos,thermo black,12/08/2022 00:00,Ilimitado,184,2,1.09%,0,0,0.00%,0.00%,0.00,0.00,0,0,0.00,0.00,0.25,0.0,0.0,0.00%,0.00%,N/A,N/A,N/A,0
Suplemento Em Cápsulas Ultra Termogênico Thermo Phases Black -  1.200mg/dose 60cáps BorerCaps,Pausado,21222940131,Anúncio de Busca de Produtos,café termogênico,12/08/2022 00:00,Ilimitado,1,0,0.00%,0,0,0.00%,0.00%,0.00,0.00,0,0,0.00,0.00,0.00,0.0,0.0,0.00%,0.00%,N/A,N/A,N/A,0
Suplemento Em Cápsulas Ultra Termogênico Thermo Phases Black -  1.200mg/dose 60cáps BorerCaps,Pausado,21222940131,Anúncio de Busca de Produtos,lipo 6 black original,12/08/2022 00:00,Ilimitado,494,9,1.82%,0,0,0.00%,0.00%,0.00,0.00,0,0,0.00,0.00,01.01,0.0,0.0,0.00%,0.00%,N/A,N/A,N/A,0
Suplemento Em Cápsulas Ultra Termogênico Thermo Phases Black -  1.200mg/dose 60cáps BorerCaps,Pausado,21222940131,Anúncio de Busca de Produtos,termogênico max,12/08/2022 00:00,Ilimitado,167,5,2.99%,0,0,0.00%,0.00%,0.00,0.00,0,0,0.00,0.00,0.57,0.0,0.0,0.00%,0.00%,N/A,N/A,N/A,0
Suplemento Em Cápsulas Ultra Termogênico Thermo Phases Black -  1.200mg/dose 60cáps BorerCaps,Pausado,21222940131,Anúncio de Busca de Produtos,cafeína termogênico,12/08/2022 00:00,Ilimitado,1020,38,3.73%,2,2,5.26%,5.26%,2.38,2.38,3,3,117.00,117.00,4.77,24.53,24.53,4.08%,4.08%,N/A,N/A,N/A,340
Suplemento Em Cápsulas Ultra Termogênico Thermo Phases Black -  1.200mg/dose 60cáps BorerCaps,Pausado,21222940131,Anúncio de Busca de Produtos,termogênico max titanium,12/08/2022 00:00,Ilimitado,213,7,3.29%,0,0,0.00%,0.00%,0.00,0.00,0,0,0.00,0.00,0.85,0.0,0.0,0.00%,0.00%,N/A,N/A,N/A,0
Suplemento Em Cápsulas Ultra Termogênico Thermo Phases Black -  1.200mg/dose 60cáps BorerCaps,Pausado,21222940131,Anúncio de Busca de Produtos,termogênicos,12/08/2022 00:00,Ilimitado,214,4,1.87%,0,0,0.00%,0.00%,0.00,0.00,0,0,0.00,0.00,0.46,0.0,0.0,0.00%,0.00%,N/A,N/A,N/A,0
Suplemento Em Cápsulas Ultra Termogênico Thermo Phases Black -  1.200mg/dose 60cáps BorerCaps,Pausado,21222940131,Anúncio de Busca de Produtos,termogenico black mamba,12/08/2022 00:00,Ilimitado,130,3,2.31%,0,0,0.00%,0.00%,0.00,0.00,0,0,0.00,0.00,0.36,0.0,0.0,0.00%,0.00%,N/A,N/A,N/A,0
Suplemento Em Cápsulas Ultra Termogênico Thermo Phases Black -  1.200mg/dose 60cáps BorerCaps,Pausado,21222940131,Anúncio de Busca de Produtos,lipo 6 black ultra concentrado,12/08/2022 00:00,Ilimitado,365,6,1.64%,0,0,0.00%,0.00%,0.00,0.00,0,0,0.00,0.00,0.72,0.0,0.0,0.00%,0.00%,N/A,N/A,N/A,0
Suplemento Em Cápsulas Ultra Termogênico Thermo Phases Black -  1.200mg/dose 60cáps BorerCaps,Pausado,21222940131,Anúncio de Busca de Produtos,black viper termogênico,12/08/2022 00:00,Ilimitado,321,7,2.18%,0,0,0.00%,0.00%,0.00,0.00,0,0,0.00,0.00,0.83,0.0,0.0,0.00%,0.00%,N/A,N/A,N/A,0
Suplemento Em Cápsulas Ultra Termogênico Thermo Phases Black -  1.200mg/dose 60cáps BorerCaps,Pausado,21222940131,Anúncio de Busca de Produtos,lipo 6 black 120,12/08/2022 00:00,Ilimitado,1970,51,2.59%,1,1,1.96%,1.96%,6.23,6.23,1,1,39.00,39.00,6.23,6.26,6.26,15.97%,15.97%,N/A,N/A,N/A,1970
Suplemento Em Cápsulas Ultra Termogênico Thermo Phases Black -  1.200mg/dose 60cáps BorerCaps,Pausado,21222940131,Anúncio de Busca de Produtos,termogênico importado,12/08/2022 00:00,Ilimitado,193,3,1.55%,0,0,0.00%,0.00%,0.00,0.00,0,0,0.00,0.00,0.35,0.0,0.0,0.00%,0.00%,N/A,N/A,N/A,0
Termogênico Thermo Max 60 caps. - Borer Caps,Em andamento,14164354668,Anúncio de Busca de Produtos,queimar gordura,26/07/2022 00:00,Ilimitado,20,0,0.00%,0,0,0.00%,0.00%,0.00,0.00,0,0,0.00,0.00,0.00,0.0,0.0,0.00%,0.00%,N/A,N/A,N/A,0
Termogênico Thermo Max 60 caps. - Borer Caps,Em andamento,14164354668,Anúncio de Busca de Produtos,emagrecedores,26/07/2022 00:00,Ilimitado,2006,61,3.04%,0,0,0.00%,0.00%,0.00,0.00,0,0,0.00,0.00,7.75,0.0,0.0,0.00%,0.00%,N/A,N/A,N/A,0
Termogênico Thermo Max 60 caps. - Borer Caps,Em andamento,14164354668,Anúncio de Busca de Produtos,chás emagrecedor,26/07/2022 00:00,Ilimitado,2,0,0.00%,0,0,0.00%,0.00%,0.00,0.00,0,0,0.00,0.00,0.00,0.0,0.0,0.00%,0.00%,N/A,N/A,N/A,0
Termogênico Thermo Max 60 caps. - Borer Caps,Em andamento,14164354668,Anúncio de Busca de Produtos,suplemento emagrecedor,26/07/2022 00:00,Ilimitado,3755,98,2.61%,3,2,3.06%,2.04%,4.17,6.25,3,2,119.77,84.87,12.50,9.58,6.79,10.44%,14.73%,N/A,N/A,N/A,1252
Termogênico Thermo Max 60 caps. - Borer Caps,Em andamento,14164354668,Anúncio de Busca de Produtos,queima de gordura,26/07/2022 00:00,Ilimitado,1058,36,3.40%,1,1,2.78%,2.78%,4.37,4.37,1,1,34.97,34.97,4.37,8.0,8.0,12.50%,12.50%,N/A,N/A,N/A,1058
Termogênico Thermo Max 60 caps. - Borer Caps,Em andamento,14164354668,Anúncio de Busca de Produtos,kit emagrecedor,26/07/2022 00:00,Ilimitado,3,0,0.00%,0,0,0.00%,0.00%,0.00,0.00,0,0,0.00,0.00,0.00,0.0,0.0,0.00%,0.00%,N/A,N/A,N/A,0
Termogênico Thermo Max 60 caps. - Borer Caps,Em andamento,14164354668,Anúncio de Busca de Produtos,termogenico emagrecedor,26/07/2022 00:00,Ilimitado,2098,42,2.00%,2,1,4.76%,2.38%,2.74,5.48,2,1,144.35,49.90,5.48,26.34,9.11,3.80%,10.98%,N/A,N/A,N/A,1049
Termogênico Thermo Max 60 caps. - Borer Caps,Em andamento,14164354668,Anúncio de Busca de Produtos,gordura abdominal,26/07/2022 00:00,Ilimitado,4,0,0.00%,0,0,0.00%,0.00%,0.00,0.00,0,0,0.00,0.00,0.00,0.0,0.0,0.00%,0.00%,N/A,N/A,N/A,0
Termogênico Thermo Max 60 caps. - Borer Caps,Em andamento,14164354668,Anúncio de Busca de Produtos,queimador gordura,26/07/2022 00:00,Ilimitado,13,1,7.69%,0,0,0.00%,0.00%,0.00,0.00,0,0,0.00,0.00,0.12,0.0,0.0,0.00%,0.00%,N/A,N/A,N/A,0
Termogênico Thermo Max 60 caps. - Borer Caps,Em andamento,14164354668,Anúncio de Busca de Produtos,thermo max,26/07/2022 00:00,Ilimitado,8,1,12.50%,0,0,0.00%,0.00%,0.00,0.00,0,0,0.00,0.00,0.13,0.0,0.0,0.00%,0.00%,N/A,N/A,N/A,0
Termogênico Thermo Max 60 caps. - Borer Caps,Em andamento,14164354668,Anúncio de Busca de Produtos,suplemento para emagrecer,26/07/2022 00:00,Ilimitado,4,1,25.00%,0,0,0.00%,0.00%,0.00,0.00,0,0,0.00,0.00,0.15,0.0,0.0,0.00%,0.00%,N/A,N/A,N/A,0
Termogênico Thermo Max 60 caps. - Borer Caps,Em andamento,14164354668,Anúncio de Busca de Produtos,gordura,26/07/2022 00:00,Ilimitado,14,0,0.00%,0,0,0.00%,0.00%,0.00,0.00,0,0,0.00,0.00,0.00,0.0,0.0,0.00%,0.00%,N/A,N/A,N/A,0
Termogênico Thermo Max 60 caps. - Borer Caps,Em andamento,14164354668,Anúncio de Busca de Produtos,cápsulas emagrecedora,26/07/2022 00:00,Ilimitado,1,0,0.00%,0,0,0.00%,0.00%,0.00,0.00,0,0,0.00,0.00,0.00,0.0,0.0,0.00%,0.00%,N/A,N/A,N/A,0
Termogênico Thermo Max 60 caps. - Borer Caps,Em andamento,14164354668,Anúncio de Busca de Produtos,queimador de gordura abdominal,26/07/2022 00:00,Ilimitado,29,1,3.45%,0,0,0.00%,0.00%,0.00,0.00,0,0,0.00,0.00,0.11,0.0,0.0,0.00%,0.00%,N/A,N/A,N/A,0
Termogênico Thermo Max 60 caps. - Borer Caps,Em andamento,14164354668,Anúncio de Busca de Produtos,termogenico,26/07/2022 00:00,Ilimitado,548,15,2.74%,0,0,0.00%,0.00%,0.00,0.00,0,0,0.00,0.00,1.93,0.0,0.0,0.00%,0.00%,N/A,N/A,N/A,0
Termogênico Thermo Max 60 caps. - Borer Caps,Em andamento,14164354668,Anúncio de Busca de Produtos,remédio emagrecedor,26/07/2022 00:00,Ilimitado,9,0,0.00%,0,0,0.00%,0.00%,0.00,0.00,0,0,0.00,0.00,0.00,0.0,0.0,0.00%,0.00%,N/A,N/A,N/A,0
Termogênico Thermo Max 60 caps. - Borer Caps,Em andamento,14164354668,Anúncio de Busca de Produtos,emagrecedor barriga,26/07/2022 00:00,Ilimitado,2,0,0.00%,0,0,0.00%,0.00%,0.00,0.00,0,0,0.00,0.00,0.00,0.0,0.0,0.00%,0.00%,N/A,N/A,N/A,0
Termogênico Thermo Max 60 caps. - Borer Caps,Em andamento,14164354668,Anúncio de Busca de Produtos,suplementos alimentares,26/07/2022 00:00,Ilimitado,247,4,1.62%,0,0,0.00%,0.00%,0.00,0.00,0,0,0.00,0.00,0.50,0.0,0.0,0.00%,0.00%,N/A,N/A,N/A,0
Termogênico Thermo Max 60 caps. - Borer Caps,Em andamento,14164354668,Anúncio de Busca de Produtos,suplemento emagrecer,26/07/2022 00:00,Ilimitado,2,0,0.00%,0,0,0.00%,0.00%,0.00,0.00,0,0,0.00,0.00,0.00,0.0,0.0,0.00%,0.00%,N/A,N/A,N/A,0
Termogênico Thermo Max 60 caps. - Borer Caps,Em andamento,14164354668,Anúncio de Busca de Produtos,queimador de gordura,26/07/2022 00:00,Ilimitado,2,0,0.00%,0,0,0.00%,0.00%,0.00,0.00,0,0,0.00,0.00,0.00,0.0,0.0,0.00%,0.00%,N/A,N/A,N/A,0
Termogênico Thermo Max 60 caps. - Borer Caps,Em andamento,14164354668,Anúncio de Busca de Produtos,pre treino,26/07/2022 00:00,Ilimitado,1426,12,0.84%,0,0,0.00%,0.00%,0.00,0.00,0,0,0.00,0.00,1.61,0.0,0.0,0.00%,0.00%,N/A,N/A,N/A,0
Termogênico Thermo Max 60 caps. - Borer Caps,Em andamento,14164354668,Anúncio de Busca de Produtos,power emagrecedor,26/07/2022 00:00,Ilimitado,1,0,0.00%,0,0,0.00%,0.00%,0.00,0.00,0,0,0.00,0.00,0.00,0.0,0.0,0.00%,0.00%,N/A,N/A,N/A,0
Termogênico Thermo Max 60 caps. - Borer Caps,Em andamento,14164354668,Anúncio de Busca de Produtos,max,26/07/2022 00:00,Ilimitado,8,0,0.00%,0,0,0.00%,0.00%,0.00,0.00,0,0,0.00,0.00,0.00,0.0,0.0,0.00%,0.00%,N/A,N/A,N/A,0
Termogênico Thermo Max 60 caps. - Borer Caps,Em andamento,14164354668,Anúncio de Busca de Produtos,emagrecedor,26/07/2022 00:00,Ilimitado,1071,13,1.21%,0,0,0.00%,0.00%,0.00,0.00,0,0,0.00,0.00,1.54,0.0,0.0,0.00%,0.00%,N/A,N/A,N/A,0
Termogênico Thermo Max 60 caps. - Borer Caps,Em andamento,14164354668,Anúncio de Busca de Produtos,suplementos,26/07/2022 00:00,Ilimitado,24,0,0.00%,0,0,0.00%,0.00%,0.00,0.00,0,0,0.00,0.00,0.00,0.0,0.0,0.00%,0.00%,N/A,N/A,N/A,0
SLINTT Intt Wellness - Suplemento de Quitosana + L-Triptofano + Cromo + Vitamica C - 60 cps de 1000mg,Encerrado,18797383990,Anúncio de Busca de Produtos,remédio natural para emagrecer,19/11/2023 00:00,26/02/2024 21:19,1235,40,3.24%,0,0,0.00%,0.00%,0.00,0.00,0,0,0.00,0.00,4.71,0.0,0.0,0.00%,0.00%,N/A,N/A,N/A,0
SLINTT Intt Wellness - Suplemento de Quitosana + L-Triptofano + Cromo + Vitamica C - 60 cps de 1000mg,Encerrado,18797383990,Anúncio de Busca de Produtos,remédio para emagrecer natural,19/11/2023 00:00,26/02/2024 21:19,1199,19,1.58%,0,0,0.00%,0.00%,0.00,0.00,0,0,0.00,0.00,2.25,0.0,0.0,0.00%,0.00%,N/A,N/A,N/A,0
SLINTT Intt Wellness - Suplemento de Quitosana + L-Triptofano + Cromo + Vitamica C - 60 cps de 1000mg,Encerrado,18797383990,Anúncio de Busca de Produtos,triptofano,19/11/2023 00:00,26/02/2024 21:19,1080,9,0.83%,0,0,0.00%,0.00%,0.00,0.00,0,0,0.00,0.00,1.00,0.0,0.0,0.00%,0.00%,N/A,N/A,N/A,0
SLINTT Intt Wellness - Suplemento de Quitosana + L-Triptofano + Cromo + Vitamica C - 60 cps de 1000mg,Encerrado,18797383990,Anúncio de Busca de Produtos,quitosana,19/11/2023 00:00,26/02/2024 21:19,1615,32,1.98%,0,0,0.00%,0.00%,0.00,0.00,0,0,0.00,0.00,3.74,0.0,0.0,0.00%,0.00%,N/A,N/A,N/A,0
SLINTT Intt Wellness - Suplemento de Quitosana + L-Triptofano + Cromo + Vitamica C - 60 cps de 1000mg,Encerrado,18797383990,Anúncio de Busca de Produtos,Selecionado automaticamente,19/11/2023 00:00,26/02/2024 21:19,2023,30,1.48%,0,0,0.00%,0.00%,0.00,0.00,0,0,0.00,0.00,5.22,0.0,0.0,0.00%,0.00%,N/A,N/A,N/A,0
SLINTT Intt Wellness - Suplemento de Quitosana + L-Triptofano + Cromo + Vitamica C - 60 cps de 1000mg,Encerrado,18797383990,Anúncio de Busca de Produtos,cápsulas para emagrecer,19/11/2023 00:00,26/02/2024 21:19,1225,25,2.04%,0,0,0.00%,0.00%,0.00,0.00,0,0,0.00,0.00,2.89,0.0,0.0,0.00%,0.00%,N/A,N/A,N/A,0
SLINTT Intt Wellness - Suplemento de Quitosana + L-Triptofano + Cromo + Vitamica C - 60 cps de 1000mg,Encerrado,18797383990,Anúncio de Busca de Produtos,bariatrica,19/11/2023 00:00,26/02/2024 21:19,424,3,0.71%,0,0,0.00%,0.00%,0.00,0.00,0,0,0.00,0.00,0.33,0.0,0.0,0.00%,0.00%,N/A,N/A,N/A,0
SLINTT Intt Wellness - Suplemento de Quitosana + L-Triptofano + Cromo + Vitamica C - 60 cps de 1000mg,Encerrado,18797383990,Anúncio de Busca de Produtos,bariatrica em cápsulas,19/11/2023 00:00,26/02/2024 21:19,667,14,2.10%,0,0,0.00%,0.00%,0.00,0.00,0,0,0.00,0.00,1.63,0.0,0.0,0.00%,0.00%,N/A,N/A,N/A,0
SLINTT Intt Wellness - Suplemento de Quitosana + L-Triptofano + Cromo + Vitamica C - 60 cps de 1000mg,Encerrado,18797383990,Anúncio de Busca de Produtos,emagrecedor natural,19/11/2023 00:00,26/02/2024 21:19,1138,34,2.99%,0,0,0.00%,0.00%,0.00,0.00,0,0,0.00,0.00,04.02,0.0,0.0,0.00%,0.00%,N/A,N/A,N/A,0
SLINTT Intt Wellness - Suplemento de Quitosana + L-Triptofano + Cromo + Vitamica C - 60 cps de 1000mg,Encerrado,18797383990,Anúncio de Busca de Produtos,l triptofano,19/11/2023 00:00,26/02/2024 21:19,1248,20,1.60%,0,0,0.00%,0.00%,0.00,0.00,0,0,0.00,0.00,2.30,0.0,0.0,0.00%,0.00%,N/A,N/A,N/A,0
Suplemento Em Cápsulas Thermo Phases Black C/ Taurina,Pausado,20041843213,Anúncio de Busca de Produtos,carnitina,08/10/2022 00:00,Ilimitado,426,3,0.70%,0,0,0.00%,0.00%,0.00,0.00,0,0,0.00,0.00,0.39,0.0,0.0,0.00%,0.00%,N/A,N/A,N/A,0
Suplemento Em Cápsulas Thermo Phases Black C/ Taurina,Pausado,20041843213,Anúncio de Busca de Produtos,taurina e arginina,08/10/2022 00:00,Ilimitado,1400,21,1.50%,1,1,4.76%,4.76%,03.03,03.03,1,1,39.92,39.92,03.03,13.17,13.17,7.59%,7.59%,N/A,N/A,N/A,1400
Suplemento Em Cápsulas Thermo Phases Black C/ Taurina,Pausado,20041843213,Anúncio de Busca de Produtos,carnitina 2000,08/10/2022 00:00,Ilimitado,122,1,0.82%,0,0,0.00%,0.00%,0.00,0.00,0,0,0.00,0.00,0.17,0.0,0.0,0.00%,0.00%,N/A,N/A,N/A,0
Suplemento Em Cápsulas Thermo Phases Black C/ Taurina,Pausado,20041843213,Anúncio de Busca de Produtos,carnitina emagrecedor,08/10/2022 00:00,Ilimitado,2294,52,2.27%,2,2,3.85%,3.85%,3.35,3.35,2,2,79.84,79.84,6.71,11.9,11.9,8.40%,8.40%,N/A,N/A,N/A,1147
Suplemento Em Cápsulas Thermo Phases Black C/ Taurina,Pausado,20041843213,Anúncio de Busca de Produtos,taurina em pó,08/10/2022 00:00,Ilimitado,290,1,0.34%,0,0,0.00%,0.00%,0.00,0.00,0,0,0.00,0.00,0.18,0.0,0.0,0.00%,0.00%,N/A,N/A,N/A,0
Suplemento Em Cápsulas Thermo Phases Black C/ Taurina,Pausado,20041843213,Anúncio de Busca de Produtos,fenilalanina,08/10/2022 00:00,Ilimitado,109,2,1.83%,0,0,0.00%,0.00%,0.00,0.00,0,0,0.00,0.00,0.32,0.0,0.0,0.00%,0.00%,N/A,N/A,N/A,0
Suplemento Em Cápsulas Thermo Phases Black C/ Taurina,Pausado,20041843213,Anúncio de Busca de Produtos,carnitina cápsula,08/10/2022 00:00,Ilimitado,712,12,1.69%,0,0,0.00%,0.00%,0.00,0.00,0,0,0.00,0.00,02.01,0.0,0.0,0.00%,0.00%,N/A,N/A,N/A,0
Suplemento Em Cápsulas Thermo Phases Black C/ Taurina,Pausado,20041843213,Anúncio de Busca de Produtos,tirosina,08/10/2022 00:00,Ilimitado,195,2,1.03%,0,0,0.00%,0.00%,0.00,0.00,0,0,0.00,0.00,0.34,0.0,0.0,0.00%,0.00%,N/A,N/A,N/A,0
Suplemento Em Cápsulas Thermo Phases Black C/ Taurina,Pausado,20041843213,Anúncio de Busca de Produtos,taurina 1000mg,08/10/2022 00:00,Ilimitado,810,10,1.23%,0,0,0.00%,0.00%,0.00,0.00,0,0,0.00,0.00,1.56,0.0,0.0,0.00%,0.00%,N/A,N/A,N/A,0
Suplemento Em Cápsulas Thermo Phases Black C/ Taurina,Pausado,20041843213,Anúncio de Busca de Produtos,tirosinase,08/10/2022 00:00,Ilimitado,42,3,7.14%,0,0,0.00%,0.00%,0.00,0.00,0,0,0.00,0.00,0.36,0.0,0.0,0.00%,0.00%,N/A,N/A,N/A,0
Suplemento Em Cápsulas Thermo Phases Black C/ Taurina,Pausado,20041843213,Anúncio de Busca de Produtos,taurine vitafor,08/10/2022 00:00,Ilimitado,223,3,1.35%,1,1,33.33%,33.33%,0.36,0.36,1,1,39.92,39.92,0.36,110.89,110.89,0.90%,0.90%,N/A,N/A,N/A,223
Suplemento Em Cápsulas Thermo Phases Black C/ Taurina,Pausado,20041843213,Anúncio de Busca de Produtos,carnitina black,08/10/2022 00:00,Ilimitado,833,16,1.92%,0,0,0.00%,0.00%,0.00,0.00,0,0,0.00,0.00,02.01,0.0,0.0,0.00%,0.00%,N/A,N/A,N/A,0
Suplemento Em Cápsulas Thermo Phases Black C/ Taurina,Pausado,20041843213,Anúncio de Busca de Produtos,carnitina growth,08/10/2022 00:00,Ilimitado,903,14,1.55%,0,0,0.00%,0.00%,0.00,0.00,0,0,0.00,0.00,02.04,0.0,0.0,0.00%,0.00%,N/A,N/A,N/A,0
Suplemento Em Cápsulas Thermo Phases Black C/ Taurina,Pausado,20041843213,Anúncio de Busca de Produtos,taurina 500mg,08/10/2022 00:00,Ilimitado,308,9,2.92%,0,0,0.00%,0.00%,0.00,0.00,0,0,0.00,0.00,1.11,0.0,0.0,0.00%,0.00%,N/A,N/A,N/A,0
Suplemento Em Cápsulas Thermo Phases Black C/ Taurina,Pausado,20041843213,Anúncio de Busca de Produtos,tirosina 500mg,08/10/2022 00:00,Ilimitado,1899,27,1.42%,1,1,3.70%,3.70%,4.20,4.20,1,1,39.92,39.92,4.20,9.5,9.5,10.52%,10.52%,N/A,N/A,N/A,1899
Suplemento Em Cápsulas Thermo Phases Black C/ Taurina,Pausado,20041843213,Anúncio de Busca de Produtos,carnitina líquida,08/10/2022 00:00,Ilimitado,82,2,2.44%,0,0,0.00%,0.00%,0.00,0.00,0,0,0.00,0.00,0.23,0.0,0.0,0.00%,0.00%,N/A,N/A,N/A,0
Suplemento Em Cápsulas Thermo Phases Black C/ Taurina,Pausado,20041843213,Anúncio de Busca de Produtos,taurine,08/10/2022 00:00,Ilimitado,185,4,2.16%,0,0,0.00%,0.00%,0.00,0.00,0,0,0.00,0.00,0.48,0.0,0.0,0.00%,0.00%,N/A,N/A,N/A,0
Suplemento Em Cápsulas Thermo Phases Black C/ Taurina,Pausado,20041843213,Anúncio de Busca de Produtos,taurina,08/10/2022 00:00,Ilimitado,199,4,2.01%,0,0,0.00%,0.00%,0.00,0.00,0,0,0.00,0.00,0.54,0.0,0.0,0.00%,0.00%,N/A,N/A,N/A,0
Podoneem Tratamento Anti micose,Encerrado,21898594896,Anúncio de Busca de Produtos,fungipro,23/09/2023 00:00,Ilimitado,199,2,1.01%,0,0,0.00%,0.00%,0.00,0.00,0,0,0.00,0.00,0.31,0.0,0.0,0.00%,0.00%,N/A,N/A,N/A,0
Podoneem Tratamento Anti micose,Encerrado,21898594896,Anúncio de Busca de Produtos,podoneem,23/09/2023 00:00,Ilimitado,247,28,11.34%,7,6,25.00%,21.43%,0.46,0.54,8,7,442.54,386.61,3.22,137.43,120.07,0.73%,0.83%,N/A,N/A,N/A,31
Podoneem Tratamento Anti micose,Encerrado,21898594896,Anúncio de Busca de Produtos,podoneem 5 em 1,23/09/2023 00:00,Ilimitado,203,20,9.85%,5,5,25.00%,25.00%,0.48,0.48,5,5,276.15,276.15,2.40,115.06,115.06,0.87%,0.87%,N/A,N/A,N/A,41
Podoneem Tratamento Anti micose,Encerrado,21898594896,Anúncio de Busca de Produtos,pro essence,23/09/2023 00:00,Ilimitado,5823,76,1.31%,4,3,5.26%,3.95%,2.35,3.14,4,3,221.62,165.69,9.42,23.53,17.59,4.25%,5.69%,N/A,N/A,N/A,1456
Podoneem Tratamento Anti micose,Encerrado,21898594896,Anúncio de Busca de Produtos,proessence,23/09/2023 00:00,Ilimitado,756,8,1.06%,0,0,0.00%,0.00%,0.00,0.00,0,0,0.00,0.00,0.92,0.0,0.0,0.00%,0.00%,N/A,N/A,N/A,0
Podoneem Tratamento Anti micose,Encerrado,21898594896,Anúncio de Busca de Produtos,anti micose,23/09/2023 00:00,Ilimitado,30,0,0.00%,0,0,0.00%,0.00%,0.00,0.00,0,0,0.00,0.00,0.00,0.0,0.0,0.00%,0.00%,N/A,N/A,N/A,0
Kit 3 Thermo Max Termomax Termogênico - Borercaps 180cáps,Em andamento,19141843737,Anúncio de Busca de Produtos,thermo,08/10/2022 00:00,Ilimitado,735,15,2.04%,2,2,13.33%,13.33%,0.89,0.89,2,2,179.90,179.90,1.78,101.07,101.07,0.99%,0.99%,N/A,N/A,N/A,368
Kit 3 Thermo Max Termomax Termogênico - Borercaps 180cáps,Em andamento,19141843737,Anúncio de Busca de Produtos,creme termogenico,08/10/2022 00:00,Ilimitado,127,3,2.36%,1,0,33.33%,0.00%,0.35,0.00,2,0,78.00,0.00,0.35,222.86,0.0,0.45%,0.00%,N/A,N/A,N/A,64
Kit 3 Thermo Max Termomax Termogênico - Borercaps 180cáps,Em andamento,19141843737,Anúncio de Busca de Produtos,3,08/10/2022 00:00,Ilimitado,184,2,1.09%,0,0,0.00%,0.00%,0.00,0.00,0,0,0.00,0.00,0.22,0.0,0.0,0.00%,0.00%,N/A,N/A,N/A,0
Kit 3 Thermo Max Termomax Termogênico - Borercaps 180cáps,Em andamento,19141843737,Anúncio de Busca de Produtos,suplementos max,08/10/2022 00:00,Ilimitado,176,8,4.55%,3,1,37.50%,12.50%,0.32,0.96,5,1,229.40,89.95,0.96,238.96,93.7,0.42%,1.07%,N/A,N/A,N/A,35
Kit 3 Thermo Max Termomax Termogênico - Borercaps 180cáps,Em andamento,19141843737,Anúncio de Busca de Produtos,café termogênico,08/10/2022 00:00,Ilimitado,171,5,2.92%,0,0,0.00%,0.00%,0.00,0.00,0,0,0.00,0.00,0.60,0.0,0.0,0.00%,0.00%,N/A,N/A,N/A,0
Kit 3 Thermo Max Termomax Termogênico - Borercaps 180cáps,Em andamento,19141843737,Anúncio de Busca de Produtos,thermo max,08/10/2022 00:00,Ilimitado,557,26,4.67%,5,4,19.23%,15.38%,0.63,0.79,5,4,400.72,365.79,3.14,127.62,116.49,0.78%,0.86%,N/A,N/A,N/A,111
Kit 3 Thermo Max Termomax Termogênico - Borercaps 180cáps,Em andamento,19141843737,Anúncio de Busca de Produtos,termogênico max titanium,08/10/2022 00:00,Ilimitado,245,11,4.49%,0,0,0.00%,0.00%,0.00,0.00,0,0,0.00,0.00,1.26,0.0,0.0,0.00%,0.00%,N/A,N/A,N/A,0
Kit 3 Thermo Max Termomax Termogênico - Borercaps 180cáps,Em andamento,19141843737,Anúncio de Busca de Produtos,termogenicos,08/10/2022 00:00,Ilimitado,183,6,3.28%,1,1,16.67%,16.67%,0.72,0.72,1,1,89.95,89.95,0.72,124.93,124.93,0.80%,0.80%,N/A,N/A,N/A,183
Kit 3 Thermo Max Termomax Termogênico - Borercaps 180cáps,Em andamento,19141843737,Anúncio de Busca de Produtos,thermo abdomen,08/10/2022 00:00,Ilimitado,370,3,0.81%,0,0,0.00%,0.00%,0.00,0.00,0,0,0.00,0.00,0.37,0.0,0.0,0.00%,0.00%,N/A,N/A,N/A,0
Kit 3 Thermo Max Termomax Termogênico - Borercaps 180cáps,Em andamento,19141843737,Anúncio de Busca de Produtos,kimera thermo,08/10/2022 00:00,Ilimitado,413,12,2.91%,2,2,16.67%,16.67%,0.73,0.73,2,2,184.40,184.40,1.46,126.3,126.3,0.79%,0.79%,N/A,N/A,N/A,207
Kit 3 Thermo Max Termomax Termogênico - Borercaps 180cáps,Em andamento,19141843737,Anúncio de Busca de Produtos,suplementos termogênico,08/10/2022 00:00,Ilimitado,381,15,3.94%,0,0,0.00%,0.00%,0.00,0.00,0,0,0.00,0.00,1.84,0.0,0.0,0.00%,0.00%,N/A,N/A,N/A,0
Kit 3 Thermo Max Termomax Termogênico - Borercaps 180cáps,Em andamento,19141843737,Anúncio de Busca de Produtos,termogênico,08/10/2022 00:00,Ilimitado,584,15,2.57%,4,3,26.67%,20.00%,0.46,0.62,4,3,308.85,269.85,1.85,166.95,145.86,0.60%,0.69%,N/A,N/A,N/A,146
Kit 3 Thermo Max Termomax Termogênico - Borercaps 180cáps,Em andamento,19141843737,Anúncio de Busca de Produtos,termogenico,08/10/2022 00:00,Ilimitado,490,13,2.65%,2,2,15.38%,15.38%,0.79,0.79,2,2,179.90,179.90,1.57,114.59,114.59,0.87%,0.87%,N/A,N/A,N/A,245
Kit 3 Thermo Max Termomax Termogênico - Borercaps 180cáps,Em andamento,19141843737,Anúncio de Busca de Produtos,termogenico emagrecedor,08/10/2022 00:00,Ilimitado,920,22,2.39%,0,0,0.00%,0.00%,0.00,0.00,0,0,0.00,0.00,2.68,0.0,0.0,0.00%,0.00%,N/A,N/A,N/A,0
Kit 3 Thermo Max Termomax Termogênico - Borercaps 180cáps,Em andamento,19141843737,Anúncio de Busca de Produtos,termogênicos,08/10/2022 00:00,Ilimitado,479,9,1.88%,0,0,0.00%,0.00%,0.00,0.00,0,0,0.00,0.00,01.05,0.0,0.0,0.00%,0.00%,N/A,N/A,N/A,0
Kit 3 Thermo Max Termomax Termogênico - Borercaps 180cáps,Em andamento,19141843737,Anúncio de Busca de Produtos,termogênico max,08/10/2022 00:00,Ilimitado,271,6,2.21%,0,0,0.00%,0.00%,0.00,0.00,0,0,0.00,0.00,0.69,0.0,0.0,0.00%,0.00%,N/A,N/A,N/A,0
Suplemento Em Cápsulas Thermo Phases Black C/ Cafeína,Pausado,20041843209,Anúncio de Busca de Produtos,tirosina,08/10/2022 00:00,Ilimitado,45,0,0.00%,0,0,0.00%,0.00%,0.00,0.00,0,0,0.00,0.00,0.00,0.0,0.0,0.00%,0.00%,N/A,N/A,N/A,0
Suplemento Em Cápsulas Thermo Phases Black C/ Cafeína,Pausado,20041843209,Anúncio de Busca de Produtos,black termogenico,08/10/2022 00:00,Ilimitado,393,5,1.27%,0,0,0.00%,0.00%,0.00,0.00,0,0,0.00,0.00,0.62,0.0,0.0,0.00%,0.00%,N/A,N/A,N/A,0
Suplemento Em Cápsulas Thermo Phases Black C/ Cafeína,Pausado,20041843209,Anúncio de Busca de Produtos,cafeína,08/10/2022 00:00,Ilimitado,335,2,0.60%,0,0,0.00%,0.00%,0.00,0.00,0,0,0.00,0.00,0.23,0.0,0.0,0.00%,0.00%,N/A,N/A,N/A,0
Suplemento Em Cápsulas Thermo Phases Black C/ Cafeína,Pausado,20041843209,Anúncio de Busca de Produtos,fenilalanina,08/10/2022 00:00,Ilimitado,10,0,0.00%,0,0,0.00%,0.00%,0.00,0.00,0,0,0.00,0.00,0.00,0.0,0.0,0.00%,0.00%,N/A,N/A,N/A,0
Suplemento Em Cápsulas Thermo Phases Black C/ Cafeína,Pausado,20041843209,Anúncio de Busca de Produtos,tirosina 300mg,08/10/2022 00:00,Ilimitado,73,1,1.37%,0,0,0.00%,0.00%,0.00,0.00,0,0,0.00,0.00,0.11,0.0,0.0,0.00%,0.00%,N/A,N/A,N/A,0
Suplemento Em Cápsulas Thermo Phases Black C/ Cafeína,Pausado,20041843209,Anúncio de Busca de Produtos,taurina,08/10/2022 00:00,Ilimitado,13,0,0.00%,0,0,0.00%,0.00%,0.00,0.00,0,0,0.00,0.00,0.00,0.0,0.0,0.00%,0.00%,N/A,N/A,N/A,0
Suplemento Em Cápsulas Thermo Phases Black C/ Cafeína,Pausado,20041843209,Anúncio de Busca de Produtos,termogênico black,08/10/2022 00:00,Ilimitado,739,24,3.25%,0,0,0.00%,0.00%,0.00,0.00,0,0,0.00,0.00,2.71,0.0,0.0,0.00%,0.00%,N/A,N/A,N/A,0
Suplemento Em Cápsulas Thermo Phases Black C/ Cafeína,Pausado,20041843209,Anúncio de Busca de Produtos,cafeína e taurina,08/10/2022 00:00,Ilimitado,68,1,1.47%,0,0,0.00%,0.00%,0.00,0.00,0,0,0.00,0.00,0.11,0.0,0.0,0.00%,0.00%,N/A,N/A,N/A,0
Suplemento Em Cápsulas Thermo Phases Black C/ Cafeína,Pausado,20041843209,Anúncio de Busca de Produtos,l carnitina,08/10/2022 00:00,Ilimitado,41,0,0.00%,0,0,0.00%,0.00%,0.00,0.00,0,0,0.00,0.00,0.00,0.0,0.0,0.00%,0.00%,N/A,N/A,N/A,0
Suplemento Em Cápsulas Thermo Phases Black C/ Cafeína,Pausado,20041843209,Anúncio de Busca de Produtos,cafeina,08/10/2022 00:00,Ilimitado,120,2,1.67%,0,0,0.00%,0.00%,0.00,0.00,0,0,0.00,0.00,0.22,0.0,0.0,0.00%,0.00%,N/A,N/A,N/A,0
Suplemento Em Cápsulas Thermo Phases Black C/ Cafeína,Pausado,20041843209,Anúncio de Busca de Produtos,l carnitina black,08/10/2022 00:00,Ilimitado,869,13,1.50%,0,0,0.00%,0.00%,0.00,0.00,0,0,0.00,0.00,1.48,0.0,0.0,0.00%,0.00%,N/A,N/A,N/A,0
Suplemento Em Cápsulas Thermo Phases Black C/ Cafeína,Pausado,20041843209,Anúncio de Busca de Produtos,taurina e cafeína,08/10/2022 00:00,Ilimitado,114,1,0.88%,0,0,0.00%,0.00%,0.00,0.00,0,0,0.00,0.00,0.11,0.0,0.0,0.00%,0.00%,N/A,N/A,N/A,0
Suplemento Em Cápsulas Thermo Phases Black C/ Cafeína,Pausado,20041843209,Anúncio de Busca de Produtos,cafeína 200mg,08/10/2022 00:00,Ilimitado,971,22,2.27%,0,0,0.00%,0.00%,0.00,0.00,0,0,0.00,0.00,2.54,0.0,0.0,0.00%,0.00%,N/A,N/A,N/A,0
Termogênico  TERMOMAX Borer Caps 60 cápsulas 590mg - Suplemento Alimetar,Em andamento,12682583867,Anúncio de Busca de Produtos,café termogênico,08/08/2022 18:30,Ilimitado,133,0,0.00%,0,0,0.00%,0.00%,0.00,0.00,0,0,0.00,0.00,0.00,0.0,0.0,0.00%,0.00%,N/A,N/A,N/A,0
Termogênico  TERMOMAX Borer Caps 60 cápsulas 590mg - Suplemento Alimetar,Em andamento,12682583867,Anúncio de Busca de Produtos,gordura,08/08/2022 18:30,Ilimitado,131,3,2.29%,0,0,0.00%,0.00%,0.00,0.00,0,0,0.00,0.00,0.40,0.0,0.0,0.00%,0.00%,N/A,N/A,N/A,0
Termogênico  TERMOMAX Borer Caps 60 cápsulas 590mg - Suplemento Alimetar,Em andamento,12682583867,Anúncio de Busca de Produtos,queimador,08/08/2022 18:30,Ilimitado,28,1,3.57%,0,0,0.00%,0.00%,0.00,0.00,0,0,0.00,0.00,0.13,0.0,0.0,0.00%,0.00%,N/A,N/A,N/A,0
Termogênico  TERMOMAX Borer Caps 60 cápsulas 590mg - Suplemento Alimetar,Em andamento,12682583867,Anúncio de Busca de Produtos,suplementos alimentares,08/08/2022 18:30,Ilimitado,53,0,0.00%,0,0,0.00%,0.00%,0.00,0.00,0,0,0.00,0.00,0.00,0.0,0.0,0.00%,0.00%,N/A,N/A,N/A,0
Termogênico  TERMOMAX Borer Caps 60 cápsulas 590mg - Suplemento Alimetar,Em andamento,12682583867,Anúncio de Busca de Produtos,cafeína termogênico,08/08/2022 18:30,Ilimitado,262,1,0.38%,0,0,0.00%,0.00%,0.00,0.00,0,0,0.00,0.00,0.13,0.0,0.0,0.00%,0.00%,N/A,N/A,N/A,0
Termogênico  TERMOMAX Borer Caps 60 cápsulas 590mg - Suplemento Alimetar,Em andamento,12682583867,Anúncio de Busca de Produtos,termogênico max,08/08/2022 18:30,Ilimitado,65,5,7.69%,0,0,0.00%,0.00%,0.00,0.00,0,0,0.00,0.00,0.62,0.0,0.0,0.00%,0.00%,N/A,N/A,N/A,0
Termogênico  TERMOMAX Borer Caps 60 cápsulas 590mg - Suplemento Alimetar,Em andamento,12682583867,Anúncio de Busca de Produtos,adesivo emagrecedor para queima de gordura,08/08/2022 18:30,Ilimitado,401,3,0.75%,0,0,0.00%,0.00%,0.00,0.00,0,0,0.00,0.00,0.40,0.0,0.0,0.00%,0.00%,N/A,N/A,N/A,0
Termogênico  TERMOMAX Borer Caps 60 cápsulas 590mg - Suplemento Alimetar,Em andamento,12682583867,Anúncio de Busca de Produtos,termogênico perda de peso,08/08/2022 18:30,Ilimitado,375,7,1.87%,1,1,14.29%,14.29%,0.92,0.92,1,1,34.75,34.75,0.92,37.77,37.77,2.65%,2.65%,N/A,N/A,N/A,375
Termogênico  TERMOMAX Borer Caps 60 cápsulas 590mg - Suplemento Alimetar,Em andamento,12682583867,Anúncio de Busca de Produtos,termogênicos,08/08/2022 18:30,Ilimitado,103,1,0.97%,0,0,0.00%,0.00%,0.00,0.00,0,0,0.00,0.00,0.13,0.0,0.0,0.00%,0.00%,N/A,N/A,N/A,0
Termogênico  TERMOMAX Borer Caps 60 cápsulas 590mg - Suplemento Alimetar,Em andamento,12682583867,Anúncio de Busca de Produtos,termogenico probiotica,08/08/2022 18:30,Ilimitado,36,0,0.00%,0,0,0.00%,0.00%,0.00,0.00,0,0,0.00,0.00,0.00,0.0,0.0,0.00%,0.00%,N/A,N/A,N/A,0
Termogênico  TERMOMAX Borer Caps 60 cápsulas 590mg - Suplemento Alimetar,Em andamento,12682583867,Anúncio de Busca de Produtos,termogenico emagrecedor,08/08/2022 18:30,Ilimitado,351,2,0.57%,0,0,0.00%,0.00%,0.00,0.00,0,0,0.00,0.00,0.21,0.0,0.0,0.00%,0.00%,N/A,N/A,N/A,0
Termogênico  TERMOMAX Borer Caps 60 cápsulas 590mg - Suplemento Alimetar,Em andamento,12682583867,Anúncio de Busca de Produtos,termogênico,08/08/2022 18:30,Ilimitado,393,11,2.80%,0,0,0.00%,0.00%,0.00,0.00,0,0,0.00,0.00,1.31,0.0,0.0,0.00%,0.00%,N/A,N/A,N/A,0
Termogênico  TERMOMAX Borer Caps 60 cápsulas 590mg - Suplemento Alimetar,Em andamento,12682583867,Anúncio de Busca de Produtos,queimador gordura,08/08/2022 18:30,Ilimitado,1144,20,1.75%,1,0,5.00%,0.00%,2.52,0.00,1,0,39.00,0.00,2.52,15.48,0.0,6.46%,0.00%,N/A,N/A,N/A,1144
Termogênico  TERMOMAX Borer Caps 60 cápsulas 590mg - Suplemento Alimetar,Em andamento,12682583867,Anúncio de Busca de Produtos,saúde,08/08/2022 18:30,Ilimitado,9,0,0.00%,0,0,0.00%,0.00%,0.00,0.00,0,0,0.00,0.00,0.00,0.0,0.0,0.00%,0.00%,N/A,N/A,N/A,0
Kit Suplemento Em Cápsulas Amora Branca + Óleo De Prímula,Em andamento,20041843202,Anúncio de Busca de Produtos,suplemento natural para menopausa,08/10/2022 00:00,Ilimitado,68,2,2.94%,0,0,0.00%,0.00%,0.00,0.00,0,0,0.00,0.00,0.26,0.0,0.0,0.00%,0.00%,N/A,N/A,N/A,0
Kit Suplemento Em Cápsulas Amora Branca + Óleo De Prímula,Em andamento,20041843202,Anúncio de Busca de Produtos,saúde feminina,08/10/2022 00:00,Ilimitado,44,0,0.00%,0,0,0.00%,0.00%,0.00,0.00,0,0,0.00,0.00,0.00,0.0,0.0,0.00%,0.00%,N/A,N/A,N/A,0
Kit Suplemento Em Cápsulas Amora Branca + Óleo De Prímula,Em andamento,20041843202,Anúncio de Busca de Produtos,amora branca em cápsulas,08/10/2022 00:00,Ilimitado,89,0,0.00%,0,0,0.00%,0.00%,0.00,0.00,0,0,0.00,0.00,0.00,0.0,0.0,0.00%,0.00%,N/A,N/A,N/A,0
Kit Suplemento Em Cápsulas Amora Branca + Óleo De Prímula,Em andamento,20041843202,Anúncio de Busca de Produtos,menopausa,08/10/2022 00:00,Ilimitado,214,7,3.27%,1,1,14.29%,14.29%,0.87,0.87,1,1,29.90,29.90,0.87,34.37,34.37,2.91%,2.91%,N/A,N/A,N/A,214
Kit Suplemento Em Cápsulas Amora Branca + Óleo De Prímula,Em andamento,20041843202,Anúncio de Busca de Produtos,amora branca cápsulas,08/10/2022 00:00,Ilimitado,308,8,2.60%,1,1,12.50%,12.50%,0.98,0.98,1,1,29.90,29.90,0.98,30.51,30.51,3.28%,3.28%,N/A,N/A,N/A,308
Kit Suplemento Em Cápsulas Amora Branca + Óleo De Prímula,Em andamento,20041843202,Anúncio de Busca de Produtos,oleo de prímula,08/10/2022 00:00,Ilimitado,251,5,1.99%,0,0,0.00%,0.00%,0.00,0.00,0,0,0.00,0.00,0.63,0.0,0.0,0.00%,0.00%,N/A,N/A,N/A,0
Kit Suplemento Em Cápsulas Amora Branca + Óleo De Prímula,Em andamento,20041843202,Anúncio de Busca de Produtos,cólica menstrual,08/10/2022 00:00,Ilimitado,9,0,0.00%,0,0,0.00%,0.00%,0.00,0.00,0,0,0.00,0.00,0.00,0.0,0.0,0.00%,0.00%,N/A,N/A,N/A,0
Kit Suplemento Em Cápsulas Amora Branca + Óleo De Prímula,Em andamento,20041843202,Anúncio de Busca de Produtos,tpm 2 0,08/10/2022 00:00,Ilimitado,7,0,0.00%,0,0,0.00%,0.00%,0.00,0.00,0,0,0.00,0.00,0.00,0.0,0.0,0.00%,0.00%,N/A,N/A,N/A,0
Kit Suplemento Em Cápsulas Amora Branca + Óleo De Prímula,Em andamento,20041843202,Anúncio de Busca de Produtos,oleo de primula 1000mg,08/10/2022 00:00,Ilimitado,277,5,1.81%,0,0,0.00%,0.00%,0.00,0.00,0,0,0.00,0.00,0.65,0.0,0.0,0.00%,0.00%,N/A,N/A,N/A,0
Kit Suplemento Em Cápsulas Amora Branca + Óleo De Prímula,Em andamento,20041843202,Anúncio de Busca de Produtos,tpm reduxina,08/10/2022 00:00,Ilimitado,7,0,0.00%,0,0,0.00%,0.00%,0.00,0.00,0,0,0.00,0.00,0.00,0.0,0.0,0.00%,0.00%,N/A,N/A,N/A,0
Kit Suplemento Em Cápsulas Amora Branca + Óleo De Prímula,Em andamento,20041843202,Anúncio de Busca de Produtos,amora branca original,08/10/2022 00:00,Ilimitado,289,9,3.11%,1,1,11.11%,11.11%,1.15,1.15,1,1,29.90,29.90,1.15,26.0,26.0,3.85%,3.85%,N/A,N/A,N/A,289
Kit Suplemento Em Cápsulas Amora Branca + Óleo De Prímula,Em andamento,20041843202,Anúncio de Busca de Produtos,dor menstrual,08/10/2022 00:00,Ilimitado,2,0,0.00%,0,0,0.00%,0.00%,0.00,0.00,0,0,0.00,0.00,0.00,0.0,0.0,0.00%,0.00%,N/A,N/A,N/A,0
Kit Suplemento Em Cápsulas Amora Branca + Óleo De Prímula,Em andamento,20041843202,Anúncio de Busca de Produtos,menopausa suplemento,08/10/2022 00:00,Ilimitado,105,4,3.81%,2,2,50.00%,50.00%,0.24,0.24,2,2,59.80,59.80,0.48,124.58,124.58,0.80%,0.80%,N/A,N/A,N/A,53
Kit Suplemento Em Cápsulas Amora Branca + Óleo De Prímula,Em andamento,20041843202,Anúncio de Busca de Produtos,tpm,08/10/2022 00:00,Ilimitado,13,0,0.00%,0,0,0.00%,0.00%,0.00,0.00,0,0,0.00,0.00,0.00,0.0,0.0,0.00%,0.00%,N/A,N/A,N/A,0
Kit Suplemento Em Cápsulas Amora Branca + Óleo De Prímula,Em andamento,20041843202,Anúncio de Busca de Produtos,infertilidade feminina,08/10/2022 00:00,Ilimitado,2,0,0.00%,0,0,0.00%,0.00%,0.00,0.00,0,0,0.00,0.00,0.00,0.0,0.0,0.00%,0.00%,N/A,N/A,N/A,0
Kit Suplemento Em Cápsulas Amora Branca + Óleo De Prímula,Em andamento,20041843202,Anúncio de Busca de Produtos,menopausa precoce,08/10/2022 00:00,Ilimitado,4,0,0.00%,0,0,0.00%,0.00%,0.00,0.00,0,0,0.00,0.00,0.00,0.0,0.0,0.00%,0.00%,N/A,N/A,N/A,0
Kit Suplemento Em Cápsulas Amora Branca + Óleo De Prímula,Em andamento,20041843202,Anúncio de Busca de Produtos,óleo de prímula,08/10/2022 00:00,Ilimitado,280,9,3.21%,2,2,22.22%,22.22%,0.57,0.57,2,2,59.80,59.80,1.15,52.0,52.0,1.92%,1.92%,N/A,N/A,N/A,140
Kit Suplemento Em Cápsulas Amora Branca + Óleo De Prímula,Em andamento,20041843202,Anúncio de Busca de Produtos,menopausa remédio,08/10/2022 00:00,Ilimitado,96,1,1.04%,0,0,0.00%,0.00%,0.00,0.00,0,0,0.00,0.00,0.12,0.0,0.0,0.00%,0.00%,N/A,N/A,N/A,0
Kit Suplemento Em Cápsulas Amora Branca + Óleo De Prímula,Em andamento,20041843202,Anúncio de Busca de Produtos,amora branca denature,08/10/2022 00:00,Ilimitado,21,2,9.52%,0,0,0.00%,0.00%,0.00,0.00,0,0,0.00,0.00,0.24,0.0,0.0,0.00%,0.00%,N/A,N/A,N/A,0
Kit Suplemento Em Cápsulas Amora Branca + Óleo De Prímula,Em andamento,20041843202,Anúncio de Busca de Produtos,menopausa calorao,08/10/2022 00:00,Ilimitado,55,0,0.00%,0,0,0.00%,0.00%,0.00,0.00,0,0,0.00,0.00,0.00,0.0,0.0,0.00%,0.00%,N/A,N/A,N/A,0
Kit Suplemento Em Cápsulas Amora Branca + Óleo De Prímula,Em andamento,20041843202,Anúncio de Busca de Produtos,tpm forever liss,08/10/2022 00:00,Ilimitado,4,0,0.00%,0,0,0.00%,0.00%,0.00,0.00,0,0,0.00,0.00,0.00,0.0,0.0,0.00%,0.00%,N/A,N/A,N/A,0
Kit Suplemento Em Cápsulas Amora Branca + Óleo De Prímula,Em andamento,20041843202,Anúncio de Busca de Produtos,amora branca,08/10/2022 00:00,Ilimitado,413,12,2.91%,1,1,8.33%,8.33%,1.64,1.64,1,1,29.90,29.90,1.64,18.23,18.23,5.48%,5.48%,N/A,N/A,N/A,413
Kit Suplemento Em Cápsulas Amora Branca + Óleo De Prímula,Em andamento,20041843202,Anúncio de Busca de Produtos,primula,08/10/2022 00:00,Ilimitado,269,7,2.60%,0,0,0.00%,0.00%,0.00,0.00,0,0,0.00,0.00,0.88,0.0,0.0,0.00%,0.00%,N/A,N/A,N/A,0
NUTRASIM Colageno Hidrolisado 500mg + Vitamina C -Natus Green Qualidade BorerCaps,Em andamento,19050012650,Anúncio de Busca de Produtos,Selecionado automaticamente,08/10/2022 00:00,Ilimitado,2398,11,0.46%,0,0,0.00%,0.00%,0.00,0.00,0,0,0.00,0.00,04.04,0.0,0.0,0.00%,0.00%,N/A,N/A,N/A,0
Kit Suplementar emagrecedor,Encerrado,19141843761,Anúncio de Busca de Produtos,Selecionado automaticamente,08/10/2022 00:00,Ilimitado,667,4,0.60%,0,0,0.00%,0.00%,0.00,0.00,0,0,0.00,0.00,1.34,0.0,0.0,0.00%,0.00%,N/A,N/A,N/A,0
Kit Suplementar emagrecedor,Encerrado,19141843731,Anúncio de Busca de Produtos,kit emagrecimento,08/10/2022 00:00,Ilimitado,22,0,0.00%,0,0,0.00%,0.00%,0.00,0.00,0,0,0.00,0.00,0.00,0.0,0.0,0.00%,0.00%,N/A,N/A,N/A,0
Kit Suplementar emagrecedor,Encerrado,19141843731,Anúncio de Busca de Produtos,kit emagrecedor natural,08/10/2022 00:00,Ilimitado,14,0,0.00%,0,0,0.00%,0.00%,0.00,0.00,0,0,0.00,0.00,0.00,0.0,0.0,0.00%,0.00%,N/A,N/A,N/A,0
Kit Suplementar emagrecedor,Encerrado,19141843731,Anúncio de Busca de Produtos,remédio para emagrecer,08/10/2022 00:00,Ilimitado,56,1,1.79%,0,0,0.00%,0.00%,0.00,0.00,0,0,0.00,0.00,0.11,0.0,0.0,0.00%,0.00%,N/A,N/A,N/A,0
Kit Suplementar emagrecedor,Encerrado,19141843731,Anúncio de Busca de Produtos,kit emagrecimento doterra,08/10/2022 00:00,Ilimitado,12,0,0.00%,0,0,0.00%,0.00%,0.00,0.00,0,0,0.00,0.00,0.00,0.0,0.0,0.00%,0.00%,N/A,N/A,N/A,0
Kit Suplementar emagrecedor,Encerrado,19141843731,Anúncio de Busca de Produtos,kit para emagrecer rapido,08/10/2022 00:00,Ilimitado,96,1,1.04%,0,0,0.00%,0.00%,0.00,0.00,0,0,0.00,0.00,0.13,0.0,0.0,0.00%,0.00%,N/A,N/A,N/A,0
Kit Suplementar emagrecedor,Encerrado,19141843731,Anúncio de Busca de Produtos,kit emagrecedor,08/10/2022 00:00,Ilimitado,81,0,0.00%,0,0,0.00%,0.00%,0.00,0.00,0,0,0.00,0.00,0.00,0.0,0.0,0.00%,0.00%,N/A,N/A,N/A,0
Kit Suplementar emagrecedor,Encerrado,19141843731,Anúncio de Busca de Produtos,kit emagrecedor max titanium,08/10/2022 00:00,Ilimitado,3,0,0.00%,0,0,0.00%,0.00%,0.00,0.00,0,0,0.00,0.00,0.00,0.0,0.0,0.00%,0.00%,N/A,N/A,N/A,0
Kit Suplementar emagrecedor,Encerrado,19141843731,Anúncio de Busca de Produtos,redux emagrecedor,08/10/2022 00:00,Ilimitado,18,0,0.00%,0,0,0.00%,0.00%,0.00,0.00,0,0,0.00,0.00,0.00,0.0,0.0,0.00%,0.00%,N/A,N/A,N/A,0
Kit Suplementar emagrecedor,Encerrado,19141843731,Anúncio de Busca de Produtos,kit emagrecer,08/10/2022 00:00,Ilimitado,29,0,0.00%,0,0,0.00%,0.00%,0.00,0.00,0,0,0.00,0.00,0.00,0.0,0.0,0.00%,0.00%,N/A,N/A,N/A,0
Kit Suplementar emagrecedor,Encerrado,19141843731,Anúncio de Busca de Produtos,100 peso emagrecedor,08/10/2022 00:00,Ilimitado,33,0,0.00%,0,0,0.00%,0.00%,0.00,0.00,0,0,0.00,0.00,0.00,0.0,0.0,0.00%,0.00%,N/A,N/A,N/A,0
Kit Suplementar emagrecedor,Encerrado,19141843731,Anúncio de Busca de Produtos,kit emagrecedor slim,08/10/2022 00:00,Ilimitado,53,1,1.89%,0,0,0.00%,0.00%,0.00,0.00,0,0,0.00,0.00,0.11,0.0,0.0,0.00%,0.00%,N/A,N/A,N/A,0
Kit Suplementar emagrecedor,Encerrado,19141843731,Anúncio de Busca de Produtos,kit emagrecer rapido perda peso,08/10/2022 00:00,Ilimitado,57,0,0.00%,0,0,0.00%,0.00%,0.00,0.00,0,0,0.00,0.00,0.00,0.0,0.0,0.00%,0.00%,N/A,N/A,N/A,0
Kit Suplementar emagrecedor,Encerrado,19141843731,Anúncio de Busca de Produtos,kit emagrecedor feminino,08/10/2022 00:00,Ilimitado,38,0,0.00%,0,0,0.00%,0.00%,0.00,0.00,0,0,0.00,0.00,0.00,0.0,0.0,0.00%,0.00%,N/A,N/A,N/A,0
Kit Suplementar emagrecedor,Encerrado,19141843731,Anúncio de Busca de Produtos,kit emagrecimento suplemento,08/10/2022 00:00,Ilimitado,140,5,3.57%,1,1,20.00%,20.00%,0.59,0.59,1,1,79.96,79.96,0.59,135.53,135.53,0.74%,0.74%,N/A,N/A,N/A,140
Kit Suplementar emagrecedor,Encerrado,19141843731,Anúncio de Busca de Produtos,kit emagrecedor dia e noite,08/10/2022 00:00,Ilimitado,4,0,0.00%,0,0,0.00%,0.00%,0.00,0.00,0,0,0.00,0.00,0.00,0.0,0.0,0.00%,0.00%,N/A,N/A,N/A,0