Quantidade ,Nome do Produto / Anúncio,Status,ID do produto,Tipos de Anúncios,Localização / Palavra-Chave,Data de Início,Data de Encerramento,Impressão,Cliques,CTR,Conversões,Conversões Diretas,Taxa de Conversão,Taxa de Conversão Direta,Custo por Conversão,Custo por Conversão Direta,Itens Vendidos,Itens Vendidos Diretos,VBM,Receita direta,Despesas,ROAS,ROAS Direto,ACOS,ACOS Direto,Impressões do Produto,Cliques de Produtos,CTR do Produto
1,Podoneem 5 Em 1 Tratamento Para Unhas Com Fungos E Micose,Em andamento,20298501282,Anúncio de Busca de Produtos,fungifeet,5/12/23 0:00,Ilimitado,142,0,0.00%,0,0,0.00%,0.00%,0.00,0.00,0,0,0.00,0.00,0.00,0.0,0.0,0.00%,0.00%,N/A,N/A,N/A
2,Podoneem 5 Em 1 Tratamento Para Unhas Com Fungos E Micose,Em andamento,20298501282,Anúncio de Busca de Produtos,verruga plantar,5/12/23 0:00,Ilimitado,7,1,14.29%,0,0,0.00%,0.00%,0.00,0.00,0,0,0.00,0.00,0.12,0.0,0.0,0.00%,0.00%,N/A,N/A,N/A
3,Podoneem 5 Em 1 Tratamento Para Unhas Com Fungos E Micose,Em andamento,20298501282,Anúncio de Busca de Produtos,espicula,5/12/23 0:00,Ilimitado,71,1,1.41%,0,0,0.00%,0.00%,0.00,0.00,0,0,0.00,0.00,0.13,0.0,0.0,0.00%,0.00%,N/A,N/A,N/A
4,Podoneem 5 Em 1 Tratamento Para Unhas Com Fungos E Micose,Em andamento,20298501282,Anúncio de Busca de Produtos,fungos nas unhas,5/12/23 0:00,Ilimitado,1322,21,1.59%,0,0,0.00%,0.00%,0.00,0.00,0,0,0.00,0.00,2.58,0.0,0.0,0.00%,0.00%,N/A,N/A,N/A
5,Podoneem 5 Em 1 Tratamento Para Unhas Com Fungos E Micose,Em andamento,20298501282,Anúncio de Busca de Produtos,terbinafina +fluconazol,5/12/23 0:00,Ilimitado,120,1,0.83%,0,0,0.00%,0.00%,0.00,0.00,0,0,0.00,0.00,0.11,0.0,0.0,0.00%,0.00%,N/A,N/A,N/A
6,Podoneem 5 Em 1 Tratamento Para Unhas Com Fungos E Micose,Em andamento,20298501282,Anúncio de Busca de Produtos,psoriase tratamento,5/12/23 0:00,Ilimitado,395,24,6.08%,8,7,33.33%,29.17%,0.36,0.42,8,7,446.74,391.51,2.92,152.99,134.08,0.65%,0.75%,N/A,N/A,N/A
7,Podoneem 5 Em 1 Tratamento Para Unhas Com Fungos E Micose,Em andamento,20298501282,Anúncio de Busca de Produtos,podoneem 5 em 1,5/12/23 0:00,Ilimitado,227,43,18.94%,12,12,27.91%,27.91%,0.40,0.40,15,15,838.95,838.95,4.84,173.34,173.34,0.58%,0.58%,N/A,N/A,N/A
8,Podoneem 5 Em 1 Tratamento Para Unhas Com Fungos E Micose,Em andamento,20298501282,Anúncio de Busca de Produtos,terbinafina com fluconazol,5/12/23 0:00,Ilimitado,105,1,0.95%,0,0,0.00%,0.00%,0.00,0.00,0,0,0.00,0.00,0.11,0.0,0.0,0.00%,0.00%,N/A,N/A,N/A
9,Podoneem 5 Em 1 Tratamento Para Unhas Com Fungos E Micose,Em andamento,20298501282,Anúncio de Busca de Produtos,granuloma,5/12/23 0:00,Ilimitado,72,1,1.39%,0,0,0.00%,0.00%,0.00,0.00,0,0,0.00,0.00,0.11,0.0,0.0,0.00%,0.00%,N/A,N/A,N/A
10,Podoneem 5 Em 1 Tratamento Para Unhas Com Fungos E Micose,Em andamento,20298501282,Anúncio de Busca de Produtos,cuidados com as unhas,5/12/23 0:00,Ilimitado,2274,52,2.29%,1,1,1.92%,1.92%,6.15,6.15,1,1,55.93,55.93,6.15,9.09,9.09,11.00%,11.00%,N/A,N/A,N/A
11,Podoneem 5 Em 1 Tratamento Para Unhas Com Fungos E Micose,Em andamento,20298501282,Anúncio de Busca de Produtos,podoneem,5/12/23 0:00,Ilimitado,460,54,11.74%,10,10,18.52%,18.52%,0.62,0.62,12,12,671.16,671.16,6.17,108.78,108.78,0.92%,0.92%,N/A,N/A,N/A
12,Podoneem 5 Em 1 Tratamento Para Unhas Com Fungos E Micose,Em andamento,20298501282,Anúncio de Busca de Produtos,virucida,5/12/23 0:00,Ilimitado,28,1,3.57%,0,0,0.00%,0.00%,0.00,0.00,0,0,0.00,0.00,0.11,0.0,0.0,0.00%,0.00%,N/A,N/A,N/A
13,Podoneem 5 Em 1 Tratamento Para Unhas Com Fungos E Micose,Em andamento,20298501282,Anúncio de Busca de Produtos,terbinafina micose de unhas,5/12/23 0:00,Ilimitado,1094,14,1.28%,1,1,7.14%,7.14%,1.63,1.63,1,1,55.93,55.93,1.63,34.31,34.31,2.91%,2.91%,N/A,N/A,N/A
14,Podoneem 5 Em 1 Tratamento Para Unhas Com Fungos E Micose,Em andamento,20298501282,Anúncio de Busca de Produtos,podoneem micose,5/12/23 0:00,Ilimitado,164,4,2.44%,0,0,0.00%,0.00%,0.00,0.00,0,0,0.00,0.00,0.49,0.0,0.0,0.00%,0.00%,N/A,N/A,N/A
15,Podoneem 5 Em 1 Tratamento Para Unhas Com Fungos E Micose,Em andamento,20298501282,Anúncio de Busca de Produtos,fungipro podopratica,5/12/23 0:00,Ilimitado,258,27,10.47%,1,1,3.70%,3.70%,3.02,3.02,1,1,55.93,55.93,3.02,18.52,18.52,5.40%,5.40%,N/A,N/A,N/A
16,Podoneem 5 Em 1 Tratamento Para Unhas Com Fungos E Micose,Em andamento,20298501282,Anúncio de Busca de Produtos,cuidados unhas,5/12/23 0:00,Ilimitado,3087,80,2.59%,2,2,2.50%,2.50%,4.63,4.63,2,2,111.86,111.86,9.27,12.07,12.07,8.29%,8.29%,N/A,N/A,N/A
17,Podoneem 5 Em 1 Tratamento Para Unhas Com Fungos E Micose,Em andamento,20298501282,Anúncio de Busca de Produtos,onico blend 10ml,5/12/23 0:00,Ilimitado,2,0,0.00%,0,0,0.00%,0.00%,0.00,0.00,0,0,0.00,0.00,0.00,0.0,0.0,0.00%,0.00%,N/A,N/A,N/A
18,Podoneem 5 Em 1 Tratamento Para Unhas Com Fungos E Micose,Em andamento,20298501282,Anúncio de Busca de Produtos,pés,5/12/23 0:00,Ilimitado,505,9,1.78%,0,0,0.00%,0.00%,0.00,0.00,0,0,0.00,0.00,1.02,0.0,0.0,0.00%,0.00%,N/A,N/A,N/A
19,Podoneem 5 Em 1 Tratamento Para Unhas Com Fungos E Micose,Em andamento,20298501282,Anúncio de Busca de Produtos,cuidado com as unhas,5/12/23 0:00,Ilimitado,297,6,2.02%,0,0,0.00%,0.00%,0.00,0.00,0,0,0.00,0.00,0.67,0.0,0.0,0.00%,0.00%,N/A,N/A,N/A
20,Podoneem 5 Em 1 Tratamento Para Unhas Com Fungos E Micose,Em andamento,20298501282,Anúncio de Busca de Produtos,anti micose unha,5/12/23 0:00,Ilimitado,2625,38,1.45%,0,0,0.00%,0.00%,0.00,0.00,0,0,0.00,0.00,4.57,0.0,0.0,0.00%,0.00%,N/A,N/A,N/A
21,Podoneem 5 Em 1 Tratamento Para Unhas Com Fungos E Micose,Em andamento,20298501282,Anúncio de Busca de Produtos,fungipro unha,5/12/23 0:00,Ilimitado,1180,24,2.03%,0,0,0.00%,0.00%,0.00,0.00,0,0,0.00,0.00,2.82,0.0,0.0,0.00%,0.00%,N/A,N/A,N/A
22,Podoneem 5 Em 1 Tratamento Para Unhas Com Fungos E Micose,Em andamento,20298501282,Anúncio de Busca de Produtos,anti micose de unhas,5/12/23 0:00,Ilimitado,4447,80,1.80%,3,3,3.75%,3.75%,3.22,3.22,3,3,167.79,167.79,9.67,17.35,17.35,5.76%,5.76%,N/A,N/A,N/A
23,Podoneem 5 Em 1 Tratamento Para Unhas Com Fungos E Micose,Em andamento,20298501282,Anúncio de Busca de Produtos,podoneem oregon,5/12/23 0:00,Ilimitado,211,30,14.22%,4,4,13.33%,13.33%,0.85,0.85,4,4,223.72,223.72,3.40,65.8,65.8,1.52%,1.52%,N/A,N/A,N/A
24,Podoneem 5 Em 1 Tratamento Para Unhas Com Fungos E Micose,Em andamento,20298501282,Anúncio de Busca de Produtos,onico plus,5/12/23 0:00,Ilimitado,11,0,0.00%,0,0,0.00%,0.00%,0.00,0.00,0,0,0.00,0.00,0.00,0.0,0.0,0.00%,0.00%,N/A,N/A,N/A
25,Podoneem 5 Em 1 Tratamento Para Unhas Com Fungos E Micose,Em andamento,20298501282,Anúncio de Busca de Produtos,fluconazol com terbinafina esmalte antimicótico 5ml,5/12/23 0:00,Ilimitado,1501,19,1.27%,1,1,5.26%,5.26%,2.35,2.35,1,1,55.93,55.93,2.35,23.8,23.8,4.20%,4.20%,N/A,N/A,N/A
26,Podoneem 5 Em 1 Tratamento Para Unhas Com Fungos E Micose,Em andamento,20298501282,Anúncio de Busca de Produtos,podoneem creme,5/12/23 0:00,Ilimitado,60,2,3.33%,1,1,50.00%,50.00%,0.24,0.24,1,1,55.93,55.93,0.24,233.04,233.04,0.43%,0.43%,N/A,N/A,N/A
27,Podoneem 5 Em 1 Tratamento Para Unhas Com Fungos E Micose,Em andamento,20298501282,Anúncio de Busca de Produtos,micose no pé,5/12/23 0:00,Ilimitado,828,10,1.21%,0,0,0.00%,0.00%,0.00,0.00,0,0,0.00,0.00,1.32,0.0,0.0,0.00%,0.00%,N/A,N/A,N/A
28,Podoneem 5 Em 1 Tratamento Para Unhas Com Fungos E Micose,Em andamento,20298501282,Anúncio de Busca de Produtos,terbinafino,5/12/23 0:00,Ilimitado,75,5,6.67%,2,2,40.00%,40.00%,0.28,0.28,2,2,111.86,111.86,0.56,199.75,199.75,0.50%,0.50%,N/A,N/A,N/A
29,Podoneem 5 Em 1 Tratamento Para Unhas Com Fungos E Micose,Em andamento,20298501282,Anúncio de Busca de Produtos,lakesia pro,5/12/23 0:00,Ilimitado,458,7,1.53%,0,0,0.00%,0.00%,0.00,0.00,0,0,0.00,0.00,0.81,0.0,0.0,0.00%,0.00%,N/A,N/A,N/A
30,19097516007,Encerrado,19097516007,Anúncio de Busca de Produtos,thermogenico,11/19/23 0:00,Ilimitado,3671,113,3.08%,15,11,13.27%,9.73%,0.94,1.29,15,11,581.35,352.55,14.14,41.11,24.93,2.43%,4.01%,N/A,N/A,N/A
31,19097516007,Encerrado,19097516007,Anúncio de Busca de Produtos,carnitina,11/19/23 0:00,Ilimitado,184,3,1.63%,0,0,0.00%,0.00%,0.00,0.00,0,0,0.00,0.00,0.35,0.0,0.0,0.00%,0.00%,N/A,N/A,N/A
32,19097516007,Encerrado,19097516007,Anúncio de Busca de Produtos,termogenico,11/19/23 0:00,Ilimitado,2932,70,2.39%,3,3,4.29%,4.29%,2.88,2.88,4,4,134.15,134.15,8.63,15.54,15.54,6.43%,6.43%,N/A,N/A,N/A
33,19097516007,Encerrado,19097516007,Anúncio de Busca de Produtos,pre treino,11/19/23 0:00,Ilimitado,1304,24,1.84%,1,1,4.17%,4.17%,2.91,2.91,1,1,34.90,34.90,2.91,11.99,11.99,8.34%,8.34%,N/A,N/A,N/A
34,19097516007,Encerrado,19097516007,Anúncio de Busca de Produtos,termogenico emagrecedor,11/19/23 0:00,Ilimitado,6667,129,1.93%,8,6,6.20%,4.65%,1.96,2.61,9,7,314.16,244.30,15.69,20.02,15.57,4.99%,6.42%,N/A,N/A,N/A
35,19097516007,Encerrado,19097516007,Anúncio de Busca de Produtos,pré treino,11/19/23 0:00,Ilimitado,347,2,0.58%,1,1,50.00%,50.00%,0.25,0.25,1,1,34.90,34.90,0.25,139.6,139.6,0.72%,0.72%,N/A,N/A,N/A
36,19097516007,Encerrado,19097516007,Anúncio de Busca de Produtos,cafeína 200mg,11/19/23 0:00,Ilimitado,2007,33,1.64%,2,2,6.06%,6.06%,2.00,2.00,2,2,64.80,64.80,4.01,16.16,16.16,6.19%,6.19%,N/A,N/A,N/A
37,19097516007,Encerrado,19097516007,Anúncio de Busca de Produtos,termogênico,11/19/23 0:00,Ilimitado,3532,81,2.29%,4,4,4.94%,4.94%,2.44,2.44,4,4,134.60,134.60,9.74,13.82,13.82,7.24%,7.24%,N/A,N/A,N/A
38,19097516007,Encerrado,19097516007,Anúncio de Busca de Produtos,l carnitina capsulas,11/19/23 0:00,Ilimitado,672,4,0.60%,0,0,0.00%,0.00%,0.00,0.00,0,0,0.00,0.00,0.47,0.0,0.0,0.00%,0.00%,N/A,N/A,N/A
39,21222940131,Encerrado,21222940131,Anúncio de Busca de Produtos,black mamba termogênico,8/12/22 0:00,Ilimitado,390,4,1.03%,0,0,0.00%,0.00%,0.00,0.00,0,0,0.00,0.00,0.48,0.0,0.0,0.00%,0.00%,N/A,N/A,N/A
40,21222940131,Encerrado,21222940131,Anúncio de Busca de Produtos,termogenico growth,8/12/22 0:00,Ilimitado,187,3,1.60%,1,1,33.33%,33.33%,0.36,0.36,1,1,39.00,39.00,0.36,108.33,108.33,0.92%,0.92%,N/A,N/A,N/A
41,21222940131,Encerrado,21222940131,Anúncio de Busca de Produtos,thermo,8/12/22 0:00,Ilimitado,163,3,1.84%,0,0,0.00%,0.00%,0.00,0.00,0,0,0.00,0.00,0.37,0.0,0.0,0.00%,0.00%,N/A,N/A,N/A
42,21222940131,Encerrado,21222940131,Anúncio de Busca de Produtos,termogenico max,8/12/22 0:00,Ilimitado,269,5,1.86%,0,0,0.00%,0.00%,0.00,0.00,0,0,0.00,0.00,0.59,0.0,0.0,0.00%,0.00%,N/A,N/A,N/A
43,21222940131,Encerrado,21222940131,Anúncio de Busca de Produtos,termogênico sem cafeína,8/12/22 0:00,Ilimitado,190,8,4.21%,1,1,12.50%,12.50%,0.96,0.96,1,1,39.00,39.00,0.96,40.63,40.63,2.46%,2.46%,N/A,N/A,N/A
44,21222940131,Encerrado,21222940131,Anúncio de Busca de Produtos,termogenico max titanium,8/12/22 0:00,Ilimitado,197,6,3.05%,0,0,0.00%,0.00%,0.00,0.00,0,0,0.00,0.00,0.66,0.0,0.0,0.00%,0.00%,N/A,N/A,N/A
45,21222940131,Encerrado,21222940131,Anúncio de Busca de Produtos,kimera termogênico,8/12/22 0:00,Ilimitado,499,6,1.20%,0,0,0.00%,0.00%,0.00,0.00,0,0,0.00,0.00,0.72,0.0,0.0,0.00%,0.00%,N/A,N/A,N/A
46,21222940131,Encerrado,21222940131,Anúncio de Busca de Produtos,black,8/12/22 0:00,Ilimitado,1735,26,1.50%,0,0,0.00%,0.00%,0.00,0.00,0,0,0.00,0.00,3.00,0.0,0.0,0.00%,0.00%,N/A,N/A,N/A
47,21222940131,Encerrado,21222940131,Anúncio de Busca de Produtos,termogenico,8/12/22 0:00,Ilimitado,531,10,1.88%,0,0,0.00%,0.00%,0.00,0.00,0,0,0.00,0.00,1.15,0.0,0.0,0.00%,0.00%,N/A,N/A,N/A
48,21222940131,Encerrado,21222940131,Anúncio de Busca de Produtos,café termogênico,8/12/22 0:00,Ilimitado,234,7,2.99%,0,0,0.00%,0.00%,0.00,0.00,0,0,0.00,0.00,0.83,0.0,0.0,0.00%,0.00%,N/A,N/A,N/A
49,21222940131,Encerrado,21222940131,Anúncio de Busca de Produtos,cafeína termogênico,8/12/22 0:00,Ilimitado,1249,47,3.76%,2,2,4.26%,4.26%,2.93,2.93,3,3,117.00,117.00,5.86,19.97,19.97,5.01%,5.01%,N/A,N/A,N/A
50,21222940131,Encerrado,21222940131,Anúncio de Busca de Produtos,termogênico black,8/12/22 0:00,Ilimitado,478,9,1.88%,0,0,0.00%,0.00%,0.00,0.00,0,0,0.00,0.00,1.09,0.0,0.0,0.00%,0.00%,N/A,N/A,N/A
51,21222940131,Encerrado,21222940131,Anúncio de Busca de Produtos,lipo 6 black intense,8/12/22 0:00,Ilimitado,1027,13,1.27%,1,1,7.69%,7.69%,1.58,1.58,1,1,39.00,39.00,1.58,24.68,24.68,4.05%,4.05%,N/A,N/A,N/A
52,21222940131,Encerrado,21222940131,Anúncio de Busca de Produtos,café termogênico,8/12/22 0:00,Ilimitado,1,0,0.00%,0,0,0.00%,0.00%,0.00,0.00,0,0,0.00,0.00,0.00,0.0,0.0,0.00%,0.00%,N/A,N/A,N/A
53,21222940131,Encerrado,21222940131,Anúncio de Busca de Produtos,termogenico black mamba,8/12/22 0:00,Ilimitado,143,4,2.80%,0,0,0.00%,0.00%,0.00,0.00,0,0,0.00,0.00,0.50,0.0,0.0,0.00%,0.00%,N/A,N/A,N/A
54,21222940131,Encerrado,21222940131,Anúncio de Busca de Produtos,termogênico max,8/12/22 0:00,Ilimitado,200,6,3.00%,0,0,0.00%,0.00%,0.00,0.00,0,0,0.00,0.00,0.68,0.0,0.0,0.00%,0.00%,N/A,N/A,N/A
55,21222940131,Encerrado,21222940131,Anúncio de Busca de Produtos,termogênico max titanium,8/12/22 0:00,Ilimitado,227,7,3.08%,0,0,0.00%,0.00%,0.00,0.00,0,0,0.00,0.00,0.85,0.0,0.0,0.00%,0.00%,N/A,N/A,N/A
56,21222940131,Encerrado,21222940131,Anúncio de Busca de Produtos,black viper termogênico,8/12/22 0:00,Ilimitado,333,7,2.10%,0,0,0.00%,0.00%,0.00,0.00,0,0,0.00,0.00,0.83,0.0,0.0,0.00%,0.00%,N/A,N/A,N/A
57,21222940131,Encerrado,21222940131,Anúncio de Busca de Produtos,termogenico probiotica,8/12/22 0:00,Ilimitado,173,4,2.31%,0,0,0.00%,0.00%,0.00,0.00,0,0,0.00,0.00,0.48,0.0,0.0,0.00%,0.00%,N/A,N/A,N/A
58,21222940131,Encerrado,21222940131,Anúncio de Busca de Produtos,thermogenico,8/12/22 0:00,Ilimitado,177,10,5.65%,0,0,0.00%,0.00%,0.00,0.00,0,0,0.00,0.00,1.22,0.0,0.0,0.00%,0.00%,N/A,N/A,N/A
59,21222940131,Encerrado,21222940131,Anúncio de Busca de Produtos,hot termogênico,8/12/22 0:00,Ilimitado,463,5,1.08%,0,0,0.00%,0.00%,0.00,0.00,0,0,0.00,0.00,0.60,0.0,0.0,0.00%,0.00%,N/A,N/A,N/A
60,21222940131,Encerrado,21222940131,Anúncio de Busca de Produtos,thermo black,8/12/22 0:00,Ilimitado,184,2,1.09%,0,0,0.00%,0.00%,0.00,0.00,0,0,0.00,0.00,0.25,0.0,0.0,0.00%,0.00%,N/A,N/A,N/A
61,21222940131,Encerrado,21222940131,Anúncio de Busca de Produtos,termogênico feminino,8/12/22 0:00,Ilimitado,223,9,4.04%,0,0,0.00%,0.00%,0.00,0.00,0,0,0.00,0.00,1.05,0.0,0.0,0.00%,0.00%,N/A,N/A,N/A
62,21222940131,Encerrado,21222940131,Anúncio de Busca de Produtos,termogênico importado,8/12/22 0:00,Ilimitado,201,3,1.49%,0,0,0.00%,0.00%,0.00,0.00,0,0,0.00,0.00,0.35,0.0,0.0,0.00%,0.00%,N/A,N/A,N/A
63,21222940131,Encerrado,21222940131,Anúncio de Busca de Produtos,termogênico natural,8/12/22 0:00,Ilimitado,65,2,3.08%,0,0,0.00%,0.00%,0.00,0.00,0,0,0.00,0.00,0.22,0.0,0.0,0.00%,0.00%,N/A,N/A,N/A
64,21222940131,Encerrado,21222940131,Anúncio de Busca de Produtos,suplementos termogênico,8/12/22 0:00,Ilimitado,1307,31,2.37%,2,2,6.45%,6.45%,1.84,1.84,2,2,78.00,78.00,3.68,21.2,21.2,4.72%,4.72%,N/A,N/A,N/A
65,21222940131,Encerrado,21222940131,Anúncio de Busca de Produtos,termogênico perda de peso,8/12/22 0:00,Ilimitado,422,7,1.66%,0,0,0.00%,0.00%,0.00,0.00,0,0,0.00,0.00,0.83,0.0,0.0,0.00%,0.00%,N/A,N/A,N/A
66,21222940131,Encerrado,21222940131,Anúncio de Busca de Produtos,lipo 6 black original,8/12/22 0:00,Ilimitado,581,14,2.41%,2,2,14.29%,14.29%,0.81,0.81,2,2,78.00,78.00,1.62,48.15,48.15,2.08%,2.08%,N/A,N/A,N/A
67,21222940131,Encerrado,21222940131,Anúncio de Busca de Produtos,termogênico integralmedica,8/12/22 0:00,Ilimitado,619,18,2.91%,1,1,5.56%,5.56%,2.14,2.14,1,1,39.00,39.00,2.14,18.22,18.22,5.49%,5.49%,N/A,N/A,N/A
68,21222940131,Encerrado,21222940131,Anúncio de Busca de Produtos,termogênico,8/12/22 0:00,Ilimitado,374,9,2.41%,0,0,0.00%,0.00%,0.00,0.00,0,0,0.00,0.00,1.10,0.0,0.0,0.00%,0.00%,N/A,N/A,N/A
69,21222940131,Encerrado,21222940131,Anúncio de Busca de Produtos,termogenico emagrecedor,8/12/22 0:00,Ilimitado,708,17,2.40%,2,2,11.76%,11.76%,1.04,1.04,2,2,78.00,78.00,2.09,37.32,37.32,2.68%,2.68%,N/A,N/A,N/A
70,21222940131,Encerrado,21222940131,Anúncio de Busca de Produtos,termogênicos,8/12/22 0:00,Ilimitado,260,8,3.08%,0,0,0.00%,0.00%,0.00,0.00,0,0,0.00,0.00,0.96,0.0,0.0,0.00%,0.00%,N/A,N/A,N/A
71,21222940131,Encerrado,21222940131,Anúncio de Busca de Produtos,hot termogenico,8/12/22 0:00,Ilimitado,151,3,1.99%,0,0,0.00%,0.00%,0.00,0.00,0,0,0.00,0.00,0.35,0.0,0.0,0.00%,0.00%,N/A,N/A,N/A
72,21222940131,Encerrado,21222940131,Anúncio de Busca de Produtos,termogênico growth,8/12/22 0:00,Ilimitado,202,4,1.98%,0,0,0.00%,0.00%,0.00,0.00,0,0,0.00,0.00,0.49,0.0,0.0,0.00%,0.00%,N/A,N/A,N/A
73,21222940131,Encerrado,21222940131,Anúncio de Busca de Produtos,lipo 6 black importado,8/12/22 0:00,Ilimitado,204,4,1.96%,0,0,0.00%,0.00%,0.00,0.00,0,0,0.00,0.00,0.51,0.0,0.0,0.00%,0.00%,N/A,N/A,N/A
74,21222940131,Encerrado,21222940131,Anúncio de Busca de Produtos,lipo 6 black 120,8/12/22 0:00,Ilimitado,2052,53,2.58%,1,1,1.89%,1.89%,6.45,6.45,1,1,39.00,39.00,6.45,6.05,6.05,16.54%,16.54%,N/A,N/A,N/A
75,21222940131,Encerrado,21222940131,Anúncio de Busca de Produtos,lipo 6 black,8/12/22 0:00,Ilimitado,392,6,1.53%,1,1,16.67%,16.67%,0.73,0.73,1,1,39.00,39.00,0.73,53.42,53.42,1.87%,1.87%,N/A,N/A,N/A
76,21222940131,Encerrado,21222940131,Anúncio de Busca de Produtos,lipo 6 black ultra concentrado,8/12/22 0:00,Ilimitado,533,11,2.06%,0,0,0.00%,0.00%,0.00,0.00,0,0,0.00,0.00,1.33,0.0,0.0,0.00%,0.00%,N/A,N/A,N/A
77,21222940131,Encerrado,21222940131,Anúncio de Busca de Produtos,termogênico black skull,8/12/22 0:00,Ilimitado,411,8,1.95%,0,0,0.00%,0.00%,0.00,0.00,0,0,0.00,0.00,0.98,0.0,0.0,0.00%,0.00%,N/A,N/A,N/A
78,PRÉ TREINO THERMOMAX ACTIVE FAT BURNER C/ THERMO PHASE BORERCAPS 1.000mg/dose,Pausado,16326971181,Anúncio de Busca de Produtos,termogênico natural,10/8/22 0:00,Ilimitado,4022,113,2.81%,9,8,7.96%,7.08%,1.60,1.80,10,9,349.27,314.37,14.44,24.19,21.77,4.13%,4.59%,N/A,N/A,N/A
79,PRÉ TREINO THERMOMAX ACTIVE FAT BURNER C/ THERMO PHASE BORERCAPS 1.000mg/dose,Pausado,16326971181,Anúncio de Busca de Produtos,termomax,10/8/22 0:00,Ilimitado,2000,64,3.20%,6,6,9.38%,9.38%,1.29,1.29,6,6,201.58,201.58,7.77,25.94,25.94,3.85%,3.85%,N/A,N/A,N/A
80,PRÉ TREINO THERMOMAX ACTIVE FAT BURNER C/ THERMO PHASE BORERCAPS 1.000mg/dose,Pausado,16326971181,Anúncio de Busca de Produtos,thermo max,10/8/22 0:00,Ilimitado,3254,107,3.29%,10,9,9.35%,8.41%,1.29,1.43,10,9,344.34,305.34,12.89,26.71,23.69,3.74%,4.22%,N/A,N/A,N/A
81,PRÉ TREINO THERMOMAX ACTIVE FAT BURNER C/ THERMO PHASE BORERCAPS 1.000mg/dose,Pausado,16326971181,Anúncio de Busca de Produtos,thermomax,10/8/22 0:00,Ilimitado,742,16,2.16%,1,1,6.25%,6.25%,1.89,1.89,1,1,34.93,34.93,1.89,18.48,18.48,5.41%,5.41%,N/A,N/A,N/A
82,PRÉ TREINO THERMOMAX ACTIVE FAT BURNER C/ THERMO PHASE BORERCAPS 1.000mg/dose,Pausado,16326971181,Anúncio de Busca de Produtos,termo max,10/8/22 0:00,Ilimitado,1418,43,3.03%,8,7,18.60%,16.28%,0.65,0.74,8,7,334.46,244.51,5.16,64.82,47.39,1.54%,2.11%,N/A,N/A,N/A
83,PRÉ TREINO THERMOMAX ACTIVE FAT BURNER C/ THERMO PHASE BORERCAPS 1.000mg/dose,Pausado,16326971181,Anúncio de Busca de Produtos,termogenico emagrecedor,10/8/22 0:00,Ilimitado,4606,119,2.58%,11,11,9.24%,9.24%,1.33,1.33,11,11,384.23,384.23,14.62,26.28,26.28,3.81%,3.81%,N/A,N/A,N/A
84,SLINTT Intt Wellness - Suplemento de Quitosana + L-Triptofano + Cromo + Vitamica C - 60 cps de 1000mg,Encerrado,18797383990,Anúncio de Busca de Produtos,quitosana,11/19/23 0:00,2/26/24 21:19,1915,35,1.83%,0,0,0.00%,0.00%,0.00,0.00,0,0,0.00,0.00,4.11,0.0,0.0,0.00%,0.00%,N/A,N/A,N/A
85,SLINTT Intt Wellness - Suplemento de Quitosana + L-Triptofano + Cromo + Vitamica C - 60 cps de 1000mg,Encerrado,18797383990,Anúncio de Busca de Produtos,bariatrica em cápsulas,11/19/23 0:00,2/26/24 21:19,786,16,2.04%,0,0,0.00%,0.00%,0.00,0.00,0,0,0.00,0.00,1.89,0.0,0.0,0.00%,0.00%,N/A,N/A,N/A
86,SLINTT Intt Wellness - Suplemento de Quitosana + L-Triptofano + Cromo + Vitamica C - 60 cps de 1000mg,Encerrado,18797383990,Anúncio de Busca de Produtos,emagrecedor natural,11/19/23 0:00,2/26/24 21:19,1295,35,2.70%,0,0,0.00%,0.00%,0.00,0.00,0,0,0.00,0.00,4.13,0.0,0.0,0.00%,0.00%,N/A,N/A,N/A
87,SLINTT Intt Wellness - Suplemento de Quitosana + L-Triptofano + Cromo + Vitamica C - 60 cps de 1000mg,Encerrado,18797383990,Anúncio de Busca de Produtos,l triptofano,11/19/23 0:00,2/26/24 21:19,1585,28,1.77%,0,0,0.00%,0.00%,0.00,0.00,0,0,0.00,0.00,3.24,0.0,0.0,0.00%,0.00%,N/A,N/A,N/A
88,SLINTT Intt Wellness - Suplemento de Quitosana + L-Triptofano + Cromo + Vitamica C - 60 cps de 1000mg,Encerrado,18797383990,Anúncio de Busca de Produtos,remédio natural para emagrecer,11/19/23 0:00,2/26/24 21:19,1405,43,3.06%,0,0,0.00%,0.00%,0.00,0.00,0,0,0.00,0.00,5.06,0.0,0.0,0.00%,0.00%,N/A,N/A,N/A
89,SLINTT Intt Wellness - Suplemento de Quitosana + L-Triptofano + Cromo + Vitamica C - 60 cps de 1000mg,Encerrado,18797383990,Anúncio de Busca de Produtos,triptofano,11/19/23 0:00,2/26/24 21:19,1318,11,0.83%,0,0,0.00%,0.00%,0.00,0.00,0,0,0.00,0.00,1.25,0.0,0.0,0.00%,0.00%,N/A,N/A,N/A
90,SLINTT Intt Wellness - Suplemento de Quitosana + L-Triptofano + Cromo + Vitamica C - 60 cps de 1000mg,Encerrado,18797383990,Anúncio de Busca de Produtos,bariatrica,11/19/23 0:00,2/26/24 21:19,553,4,0.72%,0,0,0.00%,0.00%,0.00,0.00,0,0,0.00,0.00,0.45,0.0,0.0,0.00%,0.00%,N/A,N/A,N/A
91,SLINTT Intt Wellness - Suplemento de Quitosana + L-Triptofano + Cromo + Vitamica C - 60 cps de 1000mg,Encerrado,18797383990,Anúncio de Busca de Produtos,cápsulas para emagrecer,11/19/23 0:00,2/26/24 21:19,1449,28,1.93%,0,0,0.00%,0.00%,0.00,0.00,0,0,0.00,0.00,3.22,0.0,0.0,0.00%,0.00%,N/A,N/A,N/A
92,SLINTT Intt Wellness - Suplemento de Quitosana + L-Triptofano + Cromo + Vitamica C - 60 cps de 1000mg,Encerrado,18797383990,Anúncio de Busca de Produtos,Selecionado automaticamente,11/19/23 0:00,2/26/24 21:19,3153,44,1.40%,0,0,0.00%,0.00%,0.00,0.00,0,0,0.00,0.00,8.00,0.0,0.0,0.00%,0.00%,N/A,N/A,N/A
93,SLINTT Intt Wellness - Suplemento de Quitosana + L-Triptofano + Cromo + Vitamica C - 60 cps de 1000mg,Encerrado,18797383990,Anúncio de Busca de Produtos,remédio para emagrecer natural,11/19/23 0:00,2/26/24 21:19,1437,23,1.60%,0,0,0.00%,0.00%,0.00,0.00,0,0,0.00,0.00,2.72,0.0,0.0,0.00%,0.00%,N/A,N/A,N/A
94,Suplemento Em Cápsulas Thermo Phases Black C/ Taurina,Em andamento,20041843213,Anúncio de Busca de Produtos,carnitina emagrecedor,10/8/22 0:00,Ilimitado,2399,55,2.29%,2,2,3.64%,3.64%,3.52,3.52,2,2,79.84,79.84,7.05,11.32,11.32,8.83%,8.83%,N/A,N/A,N/A
95,Suplemento Em Cápsulas Thermo Phases Black C/ Taurina,Em andamento,20041843213,Anúncio de Busca de Produtos,carnitina black,10/8/22 0:00,Ilimitado,658,11,1.67%,0,0,0.00%,0.00%,0.00,0.00,0,0,0.00,0.00,1.46,0.0,0.0,0.00%,0.00%,N/A,N/A,N/A
96,Suplemento Em Cápsulas Thermo Phases Black C/ Taurina,Em andamento,20041843213,Anúncio de Busca de Produtos,carnitina growth,10/8/22 0:00,Ilimitado,460,7,1.52%,0,0,0.00%,0.00%,0.00,0.00,0,0,0.00,0.00,0.79,0.0,0.0,0.00%,0.00%,N/A,N/A,N/A
97,Suplemento Em Cápsulas Thermo Phases Black C/ Taurina,Em andamento,20041843213,Anúncio de Busca de Produtos,carnitina 2000,10/8/22 0:00,Ilimitado,90,1,1.11%,0,0,0.00%,0.00%,0.00,0.00,0,0,0.00,0.00,0.17,0.0,0.0,0.00%,0.00%,N/A,N/A,N/A
98,Suplemento Em Cápsulas Thermo Phases Black C/ Taurina,Em andamento,20041843213,Anúncio de Busca de Produtos,taurina 1000mg,10/8/22 0:00,Ilimitado,691,8,1.16%,0,0,0.00%,0.00%,0.00,0.00,0,0,0.00,0.00,1.16,0.0,0.0,0.00%,0.00%,N/A,N/A,N/A
99,Suplemento Em Cápsulas Thermo Phases Black C/ Taurina,Em andamento,20041843213,Anúncio de Busca de Produtos,taurina,10/8/22 0:00,Ilimitado,191,5,2.62%,0,0,0.00%,0.00%,0.00,0.00,0,0,0.00,0.00,0.61,0.0,0.0,0.00%,0.00%,N/A,N/A,N/A
100,Suplemento Em Cápsulas Thermo Phases Black C/ Taurina,Em andamento,20041843213,Anúncio de Busca de Produtos,tirosina 500mg,10/8/22 0:00,Ilimitado,1432,19,1.33%,1,1,5.26%,5.26%,2.78,2.78,1,1,39.92,39.92,2.78,14.36,14.36,6.96%,6.96%,N/A,N/A,N/A
101,Suplemento Em Cápsulas Thermo Phases Black C/ Taurina,Em andamento,20041843213,Anúncio de Busca de Produtos,fenilalanina,10/8/22 0:00,Ilimitado,93,2,2.15%,0,0,0.00%,0.00%,0.00,0.00,0,0,0.00,0.00,0.32,0.0,0.0,0.00%,0.00%,N/A,N/A,N/A
102,Suplemento Em Cápsulas Thermo Phases Black C/ Taurina,Em andamento,20041843213,Anúncio de Busca de Produtos,taurine vitafor,10/8/22 0:00,Ilimitado,169,2,1.18%,0,0,0.00%,0.00%,0.00,0.00,0,0,0.00,0.00,0.25,0.0,0.0,0.00%,0.00%,N/A,N/A,N/A
103,Suplemento Em Cápsulas Thermo Phases Black C/ Taurina,Em andamento,20041843213,Anúncio de Busca de Produtos,carnitina,10/8/22 0:00,Ilimitado,400,2,0.50%,0,0,0.00%,0.00%,0.00,0.00,0,0,0.00,0.00,0.28,0.0,0.0,0.00%,0.00%,N/A,N/A,N/A
104,Suplemento Em Cápsulas Thermo Phases Black C/ Taurina,Em andamento,20041843213,Anúncio de Busca de Produtos,tirosinase,10/8/22 0:00,Ilimitado,42,3,7.14%,0,0,0.00%,0.00%,0.00,0.00,0,0,0.00,0.00,0.36,0.0,0.0,0.00%,0.00%,N/A,N/A,N/A
105,Suplemento Em Cápsulas Thermo Phases Black C/ Taurina,Em andamento,20041843213,Anúncio de Busca de Produtos,taurina 500mg,10/8/22 0:00,Ilimitado,314,10,3.18%,0,0,0.00%,0.00%,0.00,0.00,0,0,0.00,0.00,1.22,0.0,0.0,0.00%,0.00%,N/A,N/A,N/A
106,Suplemento Em Cápsulas Thermo Phases Black C/ Taurina,Em andamento,20041843213,Anúncio de Busca de Produtos,taurine,10/8/22 0:00,Ilimitado,141,4,2.84%,0,0,0.00%,0.00%,0.00,0.00,0,0,0.00,0.00,0.48,0.0,0.0,0.00%,0.00%,N/A,N/A,N/A
107,Suplemento Em Cápsulas Thermo Phases Black C/ Taurina,Em andamento,20041843213,Anúncio de Busca de Produtos,carnitina cápsula,10/8/22 0:00,Ilimitado,339,3,0.88%,0,0,0.00%,0.00%,0.00,0.00,0,0,0.00,0.00,0.40,0.0,0.0,0.00%,0.00%,N/A,N/A,N/A
108,Suplemento Em Cápsulas Thermo Phases Black C/ Taurina,Em andamento,20041843213,Anúncio de Busca de Produtos,taurina em pó,10/8/22 0:00,Ilimitado,235,0,0.00%,0,0,0.00%,0.00%,0.00,0.00,0,0,0.00,0.00,0.00,0.0,0.0,0.00%,0.00%,N/A,N/A,N/A
109,Suplemento Em Cápsulas Thermo Phases Black C/ Taurina,Em andamento,20041843213,Anúncio de Busca de Produtos,carnitina líquida,10/8/22 0:00,Ilimitado,69,3,4.35%,0,0,0.00%,0.00%,0.00,0.00,0,0,0.00,0.00,0.36,0.0,0.0,0.00%,0.00%,N/A,N/A,N/A
110,Suplemento Em Cápsulas Thermo Phases Black C/ Taurina,Em andamento,20041843213,Anúncio de Busca de Produtos,tirosina,10/8/22 0:00,Ilimitado,184,2,1.09%,0,0,0.00%,0.00%,0.00,0.00,0,0,0.00,0.00,0.34,0.0,0.0,0.00%,0.00%,N/A,N/A,N/A
111,Suplemento Em Cápsulas Thermo Phases Black C/ Taurina,Em andamento,20041843213,Anúncio de Busca de Produtos,taurina e arginina,10/8/22 0:00,Ilimitado,711,12,1.69%,0,0,0.00%,0.00%,0.00,0.00,0,0,0.00,0.00,1.39,0.0,0.0,0.00%,0.00%,N/A,N/A,N/A
112,21898594896,Encerrado,21898594896,Anúncio de Busca de Produtos,pro essence,9/23/23 0:00,Ilimitado,6861,87,1.27%,4,3,4.60%,3.45%,2.71,3.61,4,3,221.62,165.69,10.84,20.44,15.29,4.89%,6.54%,N/A,N/A,N/A
113,21898594896,Encerrado,21898594896,Anúncio de Busca de Produtos,proessence,9/23/23 0:00,Ilimitado,775,9,1.16%,0,0,0.00%,0.00%,0.00,0.00,0,0,0.00,0.00,1.05,0.0,0.0,0.00%,0.00%,N/A,N/A,N/A
114,21898594896,Encerrado,21898594896,Anúncio de Busca de Produtos,anti micose,9/23/23 0:00,Ilimitado,32,0,0.00%,0,0,0.00%,0.00%,0.00,0.00,0,0,0.00,0.00,0.00,0.0,0.0,0.00%,0.00%,N/A,N/A,N/A
115,21898594896,Encerrado,21898594896,Anúncio de Busca de Produtos,fungipro,9/23/23 0:00,Ilimitado,285,3,1.05%,0,0,0.00%,0.00%,0.00,0.00,0,0,0.00,0.00,0.45,0.0,0.0,0.00%,0.00%,N/A,N/A,N/A
116,21898594896,Encerrado,21898594896,Anúncio de Busca de Produtos,podoneem,9/23/23 0:00,Ilimitado,293,31,10.58%,7,6,22.58%,19.35%,0.51,0.59,8,7,442.54,386.61,3.55,124.66,108.9,0.80%,0.92%,N/A,N/A,N/A
117,21898594896,Encerrado,21898594896,Anúncio de Busca de Produtos,podoneem 5 em 1,9/23/23 0:00,Ilimitado,262,25,9.54%,5,5,20.00%,20.00%,0.59,0.59,5,5,276.15,276.15,2.95,93.61,93.61,1.07%,1.07%,N/A,N/A,N/A
118,Kit 3 Thermo Max Termomax Termogênico - Borercaps 180cáps,Em andamento,19141843737,Anúncio de Busca de Produtos,thermo max,10/8/22 0:00,Ilimitado,701,26,3.71%,5,4,19.23%,15.38%,0.63,0.79,5,4,384.73,349.80,3.14,122.53,111.4,0.82%,0.90%,N/A,N/A,N/A
119,Kit 3 Thermo Max Termomax Termogênico - Borercaps 180cáps,Em andamento,19141843737,Anúncio de Busca de Produtos,creme termogenico,10/8/22 0:00,Ilimitado,193,4,2.07%,1,0,25.00%,0.00%,0.47,0.00,2,0,78.00,0.00,0.47,165.96,0.0,0.60%,0.00%,N/A,N/A,N/A
120,Kit 3 Thermo Max Termomax Termogênico - Borercaps 180cáps,Em andamento,19141843737,Anúncio de Busca de Produtos,thermo abdomen,10/8/22 0:00,Ilimitado,362,4,1.10%,0,0,0.00%,0.00%,0.00,0.00,0,0,0.00,0.00,0.48,0.0,0.0,0.00%,0.00%,N/A,N/A,N/A
121,Kit 3 Thermo Max Termomax Termogênico - Borercaps 180cáps,Em andamento,19141843737,Anúncio de Busca de Produtos,termogenico emagrecedor,10/8/22 0:00,Ilimitado,761,17,2.23%,0,0,0.00%,0.00%,0.00,0.00,0,0,0.00,0.00,2.06,0.0,0.0,0.00%,0.00%,N/A,N/A,N/A
122,Kit 3 Thermo Max Termomax Termogênico - Borercaps 180cáps,Em andamento,19141843737,Anúncio de Busca de Produtos,termogênicos,10/8/22 0:00,Ilimitado,346,7,2.02%,0,0,0.00%,0.00%,0.00,0.00,0,0,0.00,0.00,0.83,0.0,0.0,0.00%,0.00%,N/A,N/A,N/A
123,Kit 3 Thermo Max Termomax Termogênico - Borercaps 180cáps,Em andamento,19141843737,Anúncio de Busca de Produtos,termogênico,10/8/22 0:00,Ilimitado,338,11,3.25%,3,3,27.27%,27.27%,0.45,0.45,3,3,269.85,269.85,1.35,199.89,199.89,0.50%,0.50%,N/A,N/A,N/A
124,Kit 3 Thermo Max Termomax Termogênico - Borercaps 180cáps,Em andamento,19141843737,Anúncio de Busca de Produtos,suplementos termogênico,10/8/22 0:00,Ilimitado,363,12,3.31%,0,0,0.00%,0.00%,0.00,0.00,0,0,0.00,0.00,1.44,0.0,0.0,0.00%,0.00%,N/A,N/A,N/A
125,Kit 3 Thermo Max Termomax Termogênico - Borercaps 180cáps,Em andamento,19141843737,Anúncio de Busca de Produtos,termogênico max titanium,10/8/22 0:00,Ilimitado,203,11,5.42%,1,1,9.09%,9.09%,1.32,1.32,1,1,79.95,79.95,1.32,60.57,60.57,1.65%,1.65%,N/A,N/A,N/A
126,Kit 3 Thermo Max Termomax Termogênico - Borercaps 180cáps,Em andamento,19141843737,Anúncio de Busca de Produtos,suplementos max,10/8/22 0:00,Ilimitado,153,8,5.23%,2,1,25.00%,12.50%,0.47,0.94,4,1,194.65,89.95,0.94,207.07,95.69,0.48%,1.05%,N/A,N/A,N/A
127,Kit 3 Thermo Max Termomax Termogênico - Borercaps 180cáps,Em andamento,19141843737,Anúncio de Busca de Produtos,café termogênico,10/8/22 0:00,Ilimitado,139,3,2.16%,0,0,0.00%,0.00%,0.00,0.00,0,0,0.00,0.00,0.36,0.0,0.0,0.00%,0.00%,N/A,N/A,N/A
128,Kit 3 Thermo Max Termomax Termogênico - Borercaps 180cáps,Em andamento,19141843737,Anúncio de Busca de Produtos,3,10/8/22 0:00,Ilimitado,138,2,1.45%,0,0,0.00%,0.00%,0.00,0.00,0,0,0.00,0.00,0.22,0.0,0.0,0.00%,0.00%,N/A,N/A,N/A
129,Kit 3 Thermo Max Termomax Termogênico - Borercaps 180cáps,Em andamento,19141843737,Anúncio de Busca de Produtos,termogenicos,10/8/22 0:00,Ilimitado,157,5,3.18%,1,1,20.00%,20.00%,0.61,0.61,1,1,89.95,89.95,0.61,147.46,147.46,0.68%,0.68%,N/A,N/A,N/A
130,Kit 3 Thermo Max Termomax Termogênico - Borercaps 180cáps,Em andamento,19141843737,Anúncio de Busca de Produtos,termogenico,10/8/22 0:00,Ilimitado,701,14,2.00%,2,2,14.29%,14.29%,0.86,0.86,2,2,179.90,179.90,1.72,104.59,104.59,0.96%,0.96%,N/A,N/A,N/A
131,Kit 3 Thermo Max Termomax Termogênico - Borercaps 180cáps,Em andamento,19141843737,Anúncio de Busca de Produtos,kimera thermo,10/8/22 0:00,Ilimitado,336,8,2.38%,1,1,12.50%,12.50%,0.97,0.97,1,1,89.95,89.95,0.97,92.73,92.73,1.08%,1.08%,N/A,N/A,N/A
132,Kit 3 Thermo Max Termomax Termogênico - Borercaps 180cáps,Em andamento,19141843737,Anúncio de Busca de Produtos,thermo,10/8/22 0:00,Ilimitado,676,12,1.78%,2,2,16.67%,16.67%,0.69,0.69,2,2,179.90,179.90,1.39,129.42,129.42,0.77%,0.77%,N/A,N/A,N/A
133,Kit 3 Thermo Max Termomax Termogênico - Borercaps 180cáps,Em andamento,19141843737,Anúncio de Busca de Produtos,termogênico max,10/8/22 0:00,Ilimitado,218,7,3.21%,1,0,14.29%,0.00%,0.80,0.00,1,0,29.45,0.00,0.80,36.81,0.0,2.72%,0.00%,N/A,N/A,N/A
134,20041843209,Encerrado,20041843209,Anúncio de Busca de Produtos,fenilalanina,10/8/22 0:00,Ilimitado,12,0,0.00%,0,0,0.00%,0.00%,0.00,0.00,0,0,0.00,0.00,0.00,0.0,0.0,0.00%,0.00%,N/A,N/A,N/A
135,20041843209,Encerrado,20041843209,Anúncio de Busca de Produtos,cafeína e taurina,10/8/22 0:00,Ilimitado,88,1,1.14%,0,0,0.00%,0.00%,0.00,0.00,0,0,0.00,0.00,0.11,0.0,0.0,0.00%,0.00%,N/A,N/A,N/A
136,20041843209,Encerrado,20041843209,Anúncio de Busca de Produtos,taurina e cafeína,10/8/22 0:00,Ilimitado,118,1,0.85%,0,0,0.00%,0.00%,0.00,0.00,0,0,0.00,0.00,0.11,0.0,0.0,0.00%,0.00%,N/A,N/A,N/A
137,20041843209,Encerrado,20041843209,Anúncio de Busca de Produtos,tirosina,10/8/22 0:00,Ilimitado,53,0,0.00%,0,0,0.00%,0.00%,0.00,0.00,0,0,0.00,0.00,0.00,0.0,0.0,0.00%,0.00%,N/A,N/A,N/A
138,20041843209,Encerrado,20041843209,Anúncio de Busca de Produtos,l carnitina black,10/8/22 0:00,Ilimitado,907,13,1.43%,0,0,0.00%,0.00%,0.00,0.00,0,0,0.00,0.00,1.48,0.0,0.0,0.00%,0.00%,N/A,N/A,N/A
139,20041843209,Encerrado,20041843209,Anúncio de Busca de Produtos,cafeína,10/8/22 0:00,Ilimitado,414,2,0.48%,0,0,0.00%,0.00%,0.00,0.00,0,0,0.00,0.00,0.23,0.0,0.0,0.00%,0.00%,N/A,N/A,N/A
140,20041843209,Encerrado,20041843209,Anúncio de Busca de Produtos,l carnitina,10/8/22 0:00,Ilimitado,43,0,0.00%,0,0,0.00%,0.00%,0.00,0.00,0,0,0.00,0.00,0.00,0.0,0.0,0.00%,0.00%,N/A,N/A,N/A
141,20041843209,Encerrado,20041843209,Anúncio de Busca de Produtos,termogênico black,10/8/22 0:00,Ilimitado,790,25,3.16%,0,0,0.00%,0.00%,0.00,0.00,0,0,0.00,0.00,2.85,0.0,0.0,0.00%,0.00%,N/A,N/A,N/A
142,20041843209,Encerrado,20041843209,Anúncio de Busca de Produtos,black termogenico,10/8/22 0:00,Ilimitado,398,5,1.26%,0,0,0.00%,0.00%,0.00,0.00,0,0,0.00,0.00,0.62,0.0,0.0,0.00%,0.00%,N/A,N/A,N/A
143,20041843209,Encerrado,20041843209,Anúncio de Busca de Produtos,cafeina,10/8/22 0:00,Ilimitado,156,2,1.28%,0,0,0.00%,0.00%,0.00,0.00,0,0,0.00,0.00,0.22,0.0,0.0,0.00%,0.00%,N/A,N/A,N/A
144,20041843209,Encerrado,20041843209,Anúncio de Busca de Produtos,cafeína 200mg,10/8/22 0:00,Ilimitado,1354,23,1.70%,0,0,0.00%,0.00%,0.00,0.00,0,0,0.00,0.00,2.67,0.0,0.0,0.00%,0.00%,N/A,N/A,N/A
145,20041843209,Encerrado,20041843209,Anúncio de Busca de Produtos,taurina,10/8/22 0:00,Ilimitado,16,0,0.00%,0,0,0.00%,0.00%,0.00,0.00,0,0,0.00,0.00,0.00,0.0,0.0,0.00%,0.00%,N/A,N/A,N/A
146,20041843209,Encerrado,20041843209,Anúncio de Busca de Produtos,tirosina 300mg,10/8/22 0:00,Ilimitado,73,1,1.37%,0,0,0.00%,0.00%,0.00,0.00,0,0,0.00,0.00,0.11,0.0,0.0,0.00%,0.00%,N/A,N/A,N/A
147,Kit Suplemento Em Cápsulas Amora Branca + Óleo De Prímula,Em andamento,20041843202,Anúncio de Busca de Produtos,tpm forever liss,10/8/22 0:00,Ilimitado,2,0,0.00%,0,0,0.00%,0.00%,0.00,0.00,0,0,0.00,0.00,0.00,0.0,0.0,0.00%,0.00%,N/A,N/A,N/A
148,Kit Suplemento Em Cápsulas Amora Branca + Óleo De Prímula,Em andamento,20041843202,Anúncio de Busca de Produtos,tpm 2 0,10/8/22 0:00,Ilimitado,3,0,0.00%,0,0,0.00%,0.00%,0.00,0.00,0,0,0.00,0.00,0.00,0.0,0.0,0.00%,0.00%,N/A,N/A,N/A
149,Kit Suplemento Em Cápsulas Amora Branca + Óleo De Prímula,Em andamento,20041843202,Anúncio de Busca de Produtos,infertilidade feminina,10/8/22 0:00,Ilimitado,2,0,0.00%,0,0,0.00%,0.00%,0.00,0.00,0,0,0.00,0.00,0.00,0.0,0.0,0.00%,0.00%,N/A,N/A,N/A
150,Kit Suplemento Em Cápsulas Amora Branca + Óleo De Prímula,Em andamento,20041843202,Anúncio de Busca de Produtos,oleo de primula 1000mg,10/8/22 0:00,Ilimitado,209,3,1.44%,0,0,0.00%,0.00%,0.00,0.00,0,0,0.00,0.00,0.41,0.0,0.0,0.00%,0.00%,N/A,N/A,N/A
151,Kit Suplemento Em Cápsulas Amora Branca + Óleo De Prímula,Em andamento,20041843202,Anúncio de Busca de Produtos,tpm reduxina,10/8/22 0:00,Ilimitado,3,0,0.00%,0,0,0.00%,0.00%,0.00,0.00,0,0,0.00,0.00,0.00,0.0,0.0,0.00%,0.00%,N/A,N/A,N/A
152,Kit Suplemento Em Cápsulas Amora Branca + Óleo De Prímula,Em andamento,20041843202,Anúncio de Busca de Produtos,cólica menstrual,10/8/22 0:00,Ilimitado,5,0,0.00%,0,0,0.00%,0.00%,0.00,0.00,0,0,0.00,0.00,0.00,0.0,0.0,0.00%,0.00%,N/A,N/A,N/A
153,Kit Suplemento Em Cápsulas Amora Branca + Óleo De Prímula,Em andamento,20041843202,Anúncio de Busca de Produtos,suplemento natural para menopausa,10/8/22 0:00,Ilimitado,15,1,6.67%,0,0,0.00%,0.00%,0.00,0.00,0,0,0.00,0.00,0.14,0.0,0.0,0.00%,0.00%,N/A,N/A,N/A
154,Kit Suplemento Em Cápsulas Amora Branca + Óleo De Prímula,Em andamento,20041843202,Anúncio de Busca de Produtos,amora branca original,10/8/22 0:00,Ilimitado,269,9,3.35%,1,1,11.11%,11.11%,1.15,1.15,1,1,29.90,29.90,1.15,26.0,26.0,3.85%,3.85%,N/A,N/A,N/A
155,Kit Suplemento Em Cápsulas Amora Branca + Óleo De Prímula,Em andamento,20041843202,Anúncio de Busca de Produtos,óleo de prímula,10/8/22 0:00,Ilimitado,147,7,4.76%,1,1,14.29%,14.29%,0.93,0.93,1,1,29.90,29.90,0.93,32.15,32.15,3.11%,3.11%,N/A,N/A,N/A
156,Kit Suplemento Em Cápsulas Amora Branca + Óleo De Prímula,Em andamento,20041843202,Anúncio de Busca de Produtos,amora branca cápsulas,10/8/22 0:00,Ilimitado,235,7,2.98%,1,1,14.29%,14.29%,0.86,0.86,1,1,29.90,29.90,0.86,34.77,34.77,2.88%,2.88%,N/A,N/A,N/A
157,Kit Suplemento Em Cápsulas Amora Branca + Óleo De Prímula,Em andamento,20041843202,Anúncio de Busca de Produtos,saúde feminina,10/8/22 0:00,Ilimitado,37,0,0.00%,0,0,0.00%,0.00%,0.00,0.00,0,0,0.00,0.00,0.00,0.0,0.0,0.00%,0.00%,N/A,N/A,N/A
158,Kit Suplemento Em Cápsulas Amora Branca + Óleo De Prímula,Em andamento,20041843202,Anúncio de Busca de Produtos,menopausa calorao,10/8/22 0:00,Ilimitado,38,0,0.00%,0,0,0.00%,0.00%,0.00,0.00,0,0,0.00,0.00,0.00,0.0,0.0,0.00%,0.00%,N/A,N/A,N/A
159,Kit Suplemento Em Cápsulas Amora Branca + Óleo De Prímula,Em andamento,20041843202,Anúncio de Busca de Produtos,oleo de prímula,10/8/22 0:00,Ilimitado,146,3,2.05%,0,0,0.00%,0.00%,0.00,0.00,0,0,0.00,0.00,0.39,0.0,0.0,0.00%,0.00%,N/A,N/A,N/A
160,Kit Suplemento Em Cápsulas Amora Branca + Óleo De Prímula,Em andamento,20041843202,Anúncio de Busca de Produtos,amora branca,10/8/22 0:00,Ilimitado,335,11,3.28%,1,1,9.09%,9.09%,1.53,1.53,1,1,29.90,29.90,1.53,19.54,19.54,5.12%,5.12%,N/A,N/A,N/A
161,Kit Suplemento Em Cápsulas Amora Branca + Óleo De Prímula,Em andamento,20041843202,Anúncio de Busca de Produtos,primula,10/8/22 0:00,Ilimitado,181,4,2.21%,0,0,0.00%,0.00%,0.00,0.00,0,0,0.00,0.00,0.52,0.0,0.0,0.00%,0.00%,N/A,N/A,N/A
162,Kit Suplemento Em Cápsulas Amora Branca + Óleo De Prímula,Em andamento,20041843202,Anúncio de Busca de Produtos,menopausa,10/8/22 0:00,Ilimitado,108,2,1.85%,0,0,0.00%,0.00%,0.00,0.00,0,0,0.00,0.00,0.27,0.0,0.0,0.00%,0.00%,N/A,N/A,N/A
163,Kit Suplemento Em Cápsulas Amora Branca + Óleo De Prímula,Em andamento,20041843202,Anúncio de Busca de Produtos,tpm,10/8/22 0:00,Ilimitado,9,0,0.00%,0,0,0.00%,0.00%,0.00,0.00,0,0,0.00,0.00,0.00,0.0,0.0,0.00%,0.00%,N/A,N/A,N/A
164,Kit Suplemento Em Cápsulas Amora Branca + Óleo De Prímula,Em andamento,20041843202,Anúncio de Busca de Produtos,dor menstrual,10/8/22 0:00,Ilimitado,2,0,0.00%,0,0,0.00%,0.00%,0.00,0.00,0,0,0.00,0.00,0.00,0.0,0.0,0.00%,0.00%,N/A,N/A,N/A
165,Kit Suplemento Em Cápsulas Amora Branca + Óleo De Prímula,Em andamento,20041843202,Anúncio de Busca de Produtos,amora branca em cápsulas,10/8/22 0:00,Ilimitado,87,0,0.00%,0,0,0.00%,0.00%,0.00,0.00,0,0,0.00,0.00,0.00,0.0,0.0,0.00%,0.00%,N/A,N/A,N/A
166,Kit Suplemento Em Cápsulas Amora Branca + Óleo De Prímula,Em andamento,20041843202,Anúncio de Busca de Produtos,menopausa suplemento,10/8/22 0:00,Ilimitado,62,1,1.61%,0,0,0.00%,0.00%,0.00,0.00,0,0,0.00,0.00,0.12,0.0,0.0,0.00%,0.00%,N/A,N/A,N/A
167,Kit Suplemento Em Cápsulas Amora Branca + Óleo De Prímula,Em andamento,20041843202,Anúncio de Busca de Produtos,menopausa remédio,10/8/22 0:00,Ilimitado,70,0,0.00%,0,0,0.00%,0.00%,0.00,0.00,0,0,0.00,0.00,0.00,0.0,0.0,0.00%,0.00%,N/A,N/A,N/A
168,Kit Suplemento Em Cápsulas Amora Branca + Óleo De Prímula,Em andamento,20041843202,Anúncio de Busca de Produtos,menopausa precoce,10/8/22 0:00,Ilimitado,6,0,0.00%,0,0,0.00%,0.00%,0.00,0.00,0,0,0.00,0.00,0.00,0.0,0.0,0.00%,0.00%,N/A,N/A,N/A
169,NUTRASIM Colageno Hidrolisado 500mg + Vitamina C -Natus Green Qualidade BorerCaps,Em andamento,19050012650,Anúncio de Busca de Produtos,Selecionado automaticamente,10/8/22 0:00,Ilimitado,1739,6,0.35%,0,0,0.00%,0.00%,0.00,0.00,0,0,0.00,0.00,2.84,0.0,0.0,0.00%,0.00%,N/A,N/A,N/A
170,19141843731,Encerrado,19141843731,Anúncio de Busca de Produtos,kit emagrecimento doterra,10/8/22 0:00,Ilimitado,15,0,0.00%,0,0,0.00%,0.00%,0.00,0.00,0,0,0.00,0.00,0.00,0.0,0.0,0.00%,0.00%,N/A,N/A,N/A
171,19141843731,Encerrado,19141843731,Anúncio de Busca de Produtos,redux emagrecedor,10/8/22 0:00,Ilimitado,28,1,3.57%,0,0,0.00%,0.00%,0.00,0.00,0,0,0.00,0.00,0.11,0.0,0.0,0.00%,0.00%,N/A,N/A,N/A
172,19141843731,Encerrado,19141843731,Anúncio de Busca de Produtos,kit emagrecer rapido perda peso,10/8/22 0:00,Ilimitado,83,0,0.00%,0,0,0.00%,0.00%,0.00,0.00,0,0,0.00,0.00,0.00,0.0,0.0,0.00%,0.00%,N/A,N/A,N/A
173,19141843731,Encerrado,19141843731,Anúncio de Busca de Produtos,kit emagrecer,10/8/22 0:00,Ilimitado,38,0,0.00%,0,0,0.00%,0.00%,0.00,0.00,0,0,0.00,0.00,0.00,0.0,0.0,0.00%,0.00%,N/A,N/A,N/A
174,19141843731,Encerrado,19141843731,Anúncio de Busca de Produtos,kit emagrecedor slim,10/8/22 0:00,Ilimitado,56,1,1.79%,0,0,0.00%,0.00%,0.00,0.00,0,0,0.00,0.00,0.11,0.0,0.0,0.00%,0.00%,N/A,N/A,N/A
175,19141843731,Encerrado,19141843731,Anúncio de Busca de Produtos,kit para emagrecer rapido,10/8/22 0:00,Ilimitado,136,1,0.74%,0,0,0.00%,0.00%,0.00,0.00,0,0,0.00,0.00,0.13,0.0,0.0,0.00%,0.00%,N/A,N/A,N/A
176,19141843731,Encerrado,19141843731,Anúncio de Busca de Produtos,remédio para emagrecer,10/8/22 0:00,Ilimitado,77,1,1.30%,0,0,0.00%,0.00%,0.00,0.00,0,0,0.00,0.00,0.11,0.0,0.0,0.00%,0.00%,N/A,N/A,N/A
177,19141843731,Encerrado,19141843731,Anúncio de Busca de Produtos,kit emagrecedor dia e noite,10/8/22 0:00,Ilimitado,4,0,0.00%,0,0,0.00%,0.00%,0.00,0.00,0,0,0.00,0.00,0.00,0.0,0.0,0.00%,0.00%,N/A,N/A,N/A
178,19141843731,Encerrado,19141843731,Anúncio de Busca de Produtos,kit emagrecimento,10/8/22 0:00,Ilimitado,26,0,0.00%,0,0,0.00%,0.00%,0.00,0.00,0,0,0.00,0.00,0.00,0.0,0.0,0.00%,0.00%,N/A,N/A,N/A
179,19141843731,Encerrado,19141843731,Anúncio de Busca de Produtos,kit emagrecedor,10/8/22 0:00,Ilimitado,94,0,0.00%,0,0,0.00%,0.00%,0.00,0.00,0,0,0.00,0.00,0.00,0.0,0.0,0.00%,0.00%,N/A,N/A,N/A
180,19141843731,Encerrado,19141843731,Anúncio de Busca de Produtos,kit emagrecedor max titanium,10/8/22 0:00,Ilimitado,3,0,0.00%,0,0,0.00%,0.00%,0.00,0.00,0,0,0.00,0.00,0.00,0.0,0.0,0.00%,0.00%,N/A,N/A,N/A
181,19141843731,Encerrado,19141843731,Anúncio de Busca de Produtos,kit emagrecedor natural,10/8/22 0:00,Ilimitado,27,0,0.00%,0,0,0.00%,0.00%,0.00,0.00,0,0,0.00,0.00,0.00,0.0,0.0,0.00%,0.00%,N/A,N/A,N/A
182,19141843731,Encerrado,19141843731,Anúncio de Busca de Produtos,kit emagrecedor feminino,10/8/22 0:00,Ilimitado,50,1,2.00%,0,0,0.00%,0.00%,0.00,0.00,0,0,0.00,0.00,0.13,0.0,0.0,0.00%,0.00%,N/A,N/A,N/A
183,19141843731,Encerrado,19141843731,Anúncio de Busca de Produtos,kit emagrecimento suplemento,10/8/22 0:00,Ilimitado,228,6,2.63%,1,1,16.67%,16.67%,0.70,0.70,1,1,79.96,79.96,0.70,114.23,114.23,0.88%,0.88%,N/A,N/A,N/A
184,19141843731,Encerrado,19141843731,Anúncio de Busca de Produtos,100 peso emagrecedor,10/8/22 0:00,Ilimitado,36,0,0.00%,0,0,0.00%,0.00%,0.00,0.00,0,0,0.00,0.00,0.00,0.0,0.0,0.00%,0.00%,N/A,N/A,N/A